station_id,station_name,latitude,longitude,year,month,date,rainfall_mm
CL503,Chalna,22.6012,89.5195,2017,1,2017-01-01,0.0
CL503,Chalna,22.6012,89.5195,2017,2,2017-02-01,0.0
CL503,Chalna,22.6012,89.5195,2017,3,2017-03-01,345.0
CL503,Chalna,22.6012,89.5195,2017,4,2017-04-01,270.0
CL503,Chalna,22.6012,89.5195,2017,5,2017-05-01,783.0
CL503,Chalna,22.6012,89.5195,2017,6,2017-06-01,212.7
CL503,Chalna,22.6012,89.5195,2017,7,2017-07-01,426.5
CL503,Chalna,22.6012,89.5195,2017,8,2017-08-01,236.9
CL503,Chalna,22.6012,89.5195,2017,9,2017-09-01,161.4
CL503,Chalna,22.6012,89.5195,2017,10,2017-10-01,587.5
CL503,Chalna,22.6012,89.5195,2017,11,2017-11-01,0.0
CL503,Chalna,22.6012,89.5195,2017,12,2017-12-01,53.0
CL503,Chalna,22.6012,89.5195,2018,1,2018-01-01,0.0
CL503,Chalna,22.6012,89.5195,2018,2,2018-02-01,0.0
CL503,Chalna,22.6012,89.5195,2018,3,2018-03-01,25.0
CL503,Chalna,22.6012,89.5195,2018,4,2018-04-01,157.0
CL503,Chalna,22.6012,89.5195,2018,5,2018-05-01,149.8
CL503,Chalna,22.6012,89.5195,2018,6,2018-06-01,416.2
CL503,Chalna,22.6012,89.5195,2018,7,2018-07-01,716.7
CL503,Chalna,22.6012,89.5195,2018,8,2018-08-01,583.5
CL503,Chalna,22.6012,89.5195,2018,9,2018-09-01,311.0
CL503,Chalna,22.6012,89.5195,2018,10,2018-10-01,11.0
CL503,Chalna,22.6012,89.5195,2018,11,2018-11-01,0.0
CL503,Chalna,22.6012,89.5195,2018,12,2018-12-01,0.0
CL503,Chalna,22.6012,89.5195,2019,1,2019-01-01,0.0
CL503,Chalna,22.6012,89.5195,2019,2,2019-02-01,40.5
CL503,Chalna,22.6012,89.5195,2019,3,2019-03-01,139.0
CL503,Chalna,22.6012,89.5195,2019,4,2019-04-01,30.0
CL503,Chalna,22.6012,89.5195,2019,5,2019-05-01,115.0
CL503,Chalna,22.6012,89.5195,2019,6,2019-06-01,275.0
CL503,Chalna,22.6012,89.5195,2019,7,2019-07-01,468.5
CL503,Chalna,22.6012,89.5195,2019,8,2019-08-01,365.0
CL503,Chalna,22.6012,89.5195,2019,9,2019-09-01,130.0
CL503,Chalna,22.6012,89.5195,2019,10,2019-10-01,503.3
CL503,Chalna,22.6012,89.5195,2019,11,2019-11-01,180.1
CL503,Chalna,22.6012,89.5195,2019,12,2019-12-01,38.0
CL503,Chalna,22.6012,89.5195,2020,1,2020-01-01,0.0
CL503,Chalna,22.6012,89.5195,2020,2,2020-02-01,16.5
CL503,Chalna,22.6012,89.5195,2020,3,2020-03-01,154.2
CL503,Chalna,22.6012,89.5195,2020,4,2020-04-01,134.3
CL503,Chalna,22.6012,89.5195,2020,5,2020-05-01,299.2
CL503,Chalna,22.6012,89.5195,2020,6,2020-06-01,306.0
CL503,Chalna,22.6012,89.5195,2020,7,2020-07-01,540.4
CL503,Chalna,22.6012,89.5195,2020,8,2020-08-01,404.7
CL503,Chalna,22.6012,89.5195,2020,9,2020-09-01,198.4
CL503,Chalna,22.6012,89.5195,2020,10,2020-10-01,361.0
CL503,Chalna,22.6012,89.5195,2020,11,2020-11-01,73.5
CL503,Chalna,22.6012,89.5195,2020,12,2020-12-01,29.2
CL503,Chalna,22.6012,89.5195,2021,1,2021-01-01,0.0
CL503,Chalna,22.6012,89.5195,2021,2,2021-02-01,19.6
CL503,Chalna,22.6012,89.5195,2021,3,2021-03-01,138.8
CL503,Chalna,22.6012,89.5195,2021,4,2021-04-01,116.3
CL503,Chalna,22.6012,89.5195,2021,5,2021-05-01,249.1
CL503,Chalna,22.6012,89.5195,2021,6,2021-06-01,310.6
CL503,Chalna,22.6012,89.5195,2021,7,2021-07-01,543.5
CL503,Chalna,22.6012,89.5195,2021,8,2021-08-01,414.3
CL503,Chalna,22.6012,89.5195,2021,9,2021-09-01,196.1
CL503,Chalna,22.6012,89.5195,2021,10,2021-10-01,354.6
CL503,Chalna,22.6012,89.5195,2021,11,2021-11-01,87.0
CL503,Chalna,22.6012,89.5195,2021,12,2021-12-01,28.1
CL503,Chalna,22.6012,89.5195,2022,1,2022-01-01,0.0
CL503,Chalna,22.6012,89.5195,2022,2,2022-02-01,22.6
CL503,Chalna,22.6012,89.5195,2022,3,2022-03-01,123.3
CL503,Chalna,22.6012,89.5195,2022,4,2022-04-01,98.3
CL503,Chalna,22.6012,89.5195,2022,5,2022-05-01,199.0
CL503,Chalna,22.6012,89.5195,2022,6,2022-06-01,315.3
CL503,Chalna,22.6012,89.5195,2022,7,2022-07-01,546.7
CL503,Chalna,22.6012,89.5195,2022,8,2022-08-01,424.0
CL503,Chalna,22.6012,89.5195,2022,9,2022-09-01,193.7
CL503,Chalna,22.6012,89.5195,2022,10,2022-10-01,348.3
CL503,Chalna,22.6012,89.5195,2022,11,2022-11-01,100.6
CL503,Chalna,22.6012,89.5195,2022,12,2022-12-01,27.0
CL504,Dumuria,22.8093,89.4145,2017,1,2017-01-01,0.0
CL504,Dumuria,22.8093,89.4145,2017,2,2017-02-01,0.0
CL504,Dumuria,22.8093,89.4145,2017,3,2017-03-01,45.3
CL504,Dumuria,22.8093,89.4145,2017,4,2017-04-01,152.3
CL504,Dumuria,22.8093,89.4145,2017,5,2017-05-01,6.9
CL504,Dumuria,22.8093,89.4145,2017,6,2017-06-01,114.3
CL504,Dumuria,22.8093,89.4145,2017,7,2017-07-01,637.0
CL504,Dumuria,22.8093,89.4145,2017,8,2017-08-01,165.5
CL504,Dumuria,22.8093,89.4145,2017,9,2017-09-01,193.6
CL504,Dumuria,22.8093,89.4145,2017,10,2017-10-01,704.3
CL504,Dumuria,22.8093,89.4145,2017,11,2017-11-01,0.0
CL504,Dumuria,22.8093,89.4145,2017,12,2017-12-01,10.0
CL504,Dumuria,22.8093,89.4145,2018,1,2018-01-01,0.0
CL504,Dumuria,22.8093,89.4145,2018,2,2018-02-01,0.0
CL504,Dumuria,22.8093,89.4145,2018,3,2018-03-01,0.0
CL504,Dumuria,22.8093,89.4145,2018,4,2018-04-01,115.0
CL504,Dumuria,22.8093,89.4145,2018,5,2018-05-01,237.2
CL504,Dumuria,22.8093,89.4145,2018,6,2018-06-01,135.0
CL504,Dumuria,22.8093,89.4145,2018,7,2018-07-01,266.2
CL504,Dumuria,22.8093,89.4145,2018,8,2018-08-01,190.3
CL504,Dumuria,22.8093,89.4145,2018,9,2018-09-01,11.3
CL504,Dumuria,22.8093,89.4145,2018,10,2018-10-01,13.8
CL504,Dumuria,22.8093,89.4145,2018,11,2018-11-01,0.0
CL504,Dumuria,22.8093,89.4145,2018,12,2018-12-01,0.0
CL504,Dumuria,22.8093,89.4145,2019,1,2019-01-01,0.0
CL504,Dumuria,22.8093,89.4145,2019,2,2019-02-01,152.0
CL504,Dumuria,22.8093,89.4145,2019,3,2019-03-01,45.0
CL504,Dumuria,22.8093,89.4145,2019,4,2019-04-01,14.9
CL504,Dumuria,22.8093,89.4145,2019,5,2019-05-01,104.2
CL504,Dumuria,22.8093,89.4145,2019,6,2019-06-01,51.1
CL504,Dumuria,22.8093,89.4145,2019,7,2019-07-01,359.5
CL504,Dumuria,22.8093,89.4145,2019,8,2019-08-01,539.4
CL504,Dumuria,22.8093,89.4145,2019,9,2019-09-01,75.7
CL504,Dumuria,22.8093,89.4145,2019,10,2019-10-01,332.6
CL504,Dumuria,22.8093,89.4145,2019,11,2019-11-01,93.7
CL504,Dumuria,22.8093,89.4145,2019,12,2019-12-01,32.9
CL504,Dumuria,22.8093,89.4145,2020,1,2020-01-01,0.0
CL504,Dumuria,22.8093,89.4145,2020,2,2020-02-01,62.1
CL504,Dumuria,22.8093,89.4145,2020,3,2020-03-01,30.1
CL504,Dumuria,22.8093,89.4145,2020,4,2020-04-01,83.8
CL504,Dumuria,22.8093,89.4145,2020,5,2020-05-01,123.4
CL504,Dumuria,22.8093,89.4145,2020,6,2020-06-01,95.4
CL504,Dumuria,22.8093,89.4145,2020,7,2020-07-01,400.1
CL504,Dumuria,22.8093,89.4145,2020,8,2020-08-01,326.4
CL504,Dumuria,22.8093,89.4145,2020,9,2020-09-01,84.7
CL504,Dumuria,22.8093,89.4145,2020,10,2020-10-01,322.4
CL504,Dumuria,22.8093,89.4145,2020,11,2020-11-01,38.2
CL504,Dumuria,22.8093,89.4145,2020,12,2020-12-01,16.0
CL504,Dumuria,22.8093,89.4145,2021,1,2021-01-01,0.0
CL504,Dumuria,22.8093,89.4145,2021,2,2021-02-01,73.5
CL504,Dumuria,22.8093,89.4145,2021,3,2021-03-01,30.1
CL504,Dumuria,22.8093,89.4145,2021,4,2021-04-01,73.5
CL504,Dumuria,22.8093,89.4145,2021,5,2021-05-01,130.7
CL504,Dumuria,22.8093,89.4145,2021,6,2021-06-01,90.7
CL504,Dumuria,22.8093,89.4145,2021,7,2021-07-01,379.3
CL504,Dumuria,22.8093,89.4145,2021,8,2021-08-01,354.5
CL504,Dumuria,22.8093,89.4145,2021,9,2021-09-01,75.8
CL504,Dumuria,22.8093,89.4145,2021,10,2021-10-01,294.5
CL504,Dumuria,22.8093,89.4145,2021,11,2021-11-01,45.3
CL504,Dumuria,22.8093,89.4145,2021,12,2021-12-01,17.8
CL504,Dumuria,22.8093,89.4145,2022,1,2022-01-01,0.0
CL504,Dumuria,22.8093,89.4145,2022,2,2022-02-01,84.9
CL504,Dumuria,22.8093,89.4145,2022,3,2022-03-01,30.0
CL504,Dumuria,22.8093,89.4145,2022,4,2022-04-01,63.1
CL504,Dumuria,22.8093,89.4145,2022,5,2022-05-01,138.0
CL504,Dumuria,22.8093,89.4145,2022,6,2022-06-01,85.9
CL504,Dumuria,22.8093,89.4145,2022,7,2022-07-01,358.5
CL504,Dumuria,22.8093,89.4145,2022,8,2022-08-01,382.5
CL504,Dumuria,22.8093,89.4145,2022,9,2022-09-01,67.0
CL504,Dumuria,22.8093,89.4145,2022,10,2022-10-01,266.6
CL504,Dumuria,22.8093,89.4145,2022,11,2022-11-01,52.3
CL504,Dumuria,22.8093,89.4145,2022,12,2022-12-01,19.5
CL509,Kapilmuni,22.6887,89.3088,2017,1,2017-01-01,0.0
CL509,Kapilmuni,22.6887,89.3088,2017,2,2017-02-01,0.0
CL509,Kapilmuni,22.6887,89.3088,2017,3,2017-03-01,97.0
CL509,Kapilmuni,22.6887,89.3088,2017,4,2017-04-01,24.0
CL509,Kapilmuni,22.6887,89.3088,2017,5,2017-05-01,69.0
CL509,Kapilmuni,22.6887,89.3088,2017,6,2017-06-01,304.0
CL509,Kapilmuni,22.6887,89.3088,2017,7,2017-07-01,606.0
CL509,Kapilmuni,22.6887,89.3088,2017,8,2017-08-01,209.0
CL509,Kapilmuni,22.6887,89.3088,2017,9,2017-09-01,93.0
CL509,Kapilmuni,22.6887,89.3088,2017,10,2017-10-01,528.0
CL509,Kapilmuni,22.6887,89.3088,2017,11,2017-11-01,0.0
CL509,Kapilmuni,22.6887,89.3088,2017,12,2017-12-01,39.0
CL509,Kapilmuni,22.6887,89.3088,2018,1,2018-01-01,0.0
CL509,Kapilmuni,22.6887,89.3088,2018,2,2018-02-01,0.0
CL509,Kapilmuni,22.6887,89.3088,2018,3,2018-03-01,0.0
CL509,Kapilmuni,22.6887,89.3088,2018,4,2018-04-01,58.0
CL509,Kapilmuni,22.6887,89.3088,2018,5,2018-05-01,162.0
CL509,Kapilmuni,22.6887,89.3088,2018,6,2018-06-01,220.0
CL509,Kapilmuni,22.6887,89.3088,2018,7,2018-07-01,569.0
CL509,Kapilmuni,22.6887,89.3088,2018,8,2018-08-01,143.0
CL509,Kapilmuni,22.6887,89.3088,2018,9,2018-09-01,148.0
CL509,Kapilmuni,22.6887,89.3088,2018,10,2018-10-01,90.0
CL509,Kapilmuni,22.6887,89.3088,2018,11,2018-11-01,0.0
CL509,Kapilmuni,22.6887,89.3088,2018,12,2018-12-01,0.0
CL509,Kapilmuni,22.6887,89.3088,2019,1,2019-01-01,0.0
CL509,Kapilmuni,22.6887,89.3088,2019,2,2019-02-01,185.0
CL509,Kapilmuni,22.6887,89.3088,2019,3,2019-03-01,47.7
CL509,Kapilmuni,22.6887,89.3088,2019,4,2019-04-01,63.0
CL509,Kapilmuni,22.6887,89.3088,2019,5,2019-05-01,168.0
CL509,Kapilmuni,22.6887,89.3088,2019,6,2019-06-01,163.0
CL509,Kapilmuni,22.6887,89.3088,2019,7,2019-07-01,259.0
CL509,Kapilmuni,22.6887,89.3088,2019,8,2019-08-01,480.5
CL509,Kapilmuni,22.6887,89.3088,2019,9,2019-09-01,292.0
CL509,Kapilmuni,22.6887,89.3088,2019,10,2019-10-01,301.5
CL509,Kapilmuni,22.6887,89.3088,2019,11,2019-11-01,51.4
CL509,Kapilmuni,22.6887,89.3088,2019,12,2019-12-01,16.0
CL509,Kapilmuni,22.6887,89.3088,2020,1,2020-01-01,0.0
CL509,Kapilmuni,22.6887,89.3088,2020,2,2020-02-01,75.5
CL509,Kapilmuni,22.6887,89.3088,2020,3,2020-03-01,44.5
CL509,Kapilmuni,22.6887,89.3088,2020,4,2020-04-01,51.3
CL509,Kapilmuni,22.6887,89.3088,2020,5,2020-05-01,140.4
CL509,Kapilmuni,22.6887,89.3088,2020,6,2020-06-01,218.4
CL509,Kapilmuni,22.6887,89.3088,2020,7,2020-07-01,452.0
CL509,Kapilmuni,22.6887,89.3088,2020,8,2020-08-01,297.9
CL509,Kapilmuni,22.6887,89.3088,2020,9,2020-09-01,192.6
CL509,Kapilmuni,22.6887,89.3088,2020,10,2020-10-01,289.5
CL509,Kapilmuni,22.6887,89.3088,2020,11,2020-11-01,21.0
CL509,Kapilmuni,22.6887,89.3088,2020,12,2020-12-01,16.6
CL509,Kapilmuni,22.6887,89.3088,2021,1,2021-01-01,0.0
CL509,Kapilmuni,22.6887,89.3088,2021,2,2021-02-01,89.4
CL509,Kapilmuni,22.6887,89.3088,2021,3,2021-03-01,40.8
CL509,Kapilmuni,22.6887,89.3088,2021,4,2021-04-01,54.2
CL509,Kapilmuni,22.6887,89.3088,2021,5,2021-05-01,147.8
CL509,Kapilmuni,22.6887,89.3088,2021,6,2021-06-01,207.9
CL509,Kapilmuni,22.6887,89.3088,2021,7,2021-07-01,426.0
CL509,Kapilmuni,22.6887,89.3088,2021,8,2021-08-01,318.2
CL509,Kapilmuni,22.6887,89.3088,2021,9,2021-09-01,207.5
CL509,Kapilmuni,22.6887,89.3088,2021,10,2021-10-01,272.5
CL509,Kapilmuni,22.6887,89.3088,2021,11,2021-11-01,24.8
CL509,Kapilmuni,22.6887,89.3088,2021,12,2021-12-01,14.9
CL509,Kapilmuni,22.6887,89.3088,2022,1,2022-01-01,0.0
CL509,Kapilmuni,22.6887,89.3088,2022,2,2022-02-01,103.3
CL509,Kapilmuni,22.6887,89.3088,2022,3,2022-03-01,37.1
CL509,Kapilmuni,22.6887,89.3088,2022,4,2022-04-01,57.1
CL509,Kapilmuni,22.6887,89.3088,2022,5,2022-05-01,155.3
CL509,Kapilmuni,22.6887,89.3088,2022,6,2022-06-01,197.3
CL509,Kapilmuni,22.6887,89.3088,2022,7,2022-07-01,399.9
CL509,Kapilmuni,22.6887,89.3088,2022,8,2022-08-01,338.6
CL509,Kapilmuni,22.6887,89.3088,2022,9,2022-09-01,222.4
CL509,Kapilmuni,22.6887,89.3088,2022,10,2022-10-01,255.5
CL509,Kapilmuni,22.6887,89.3088,2022,11,2022-11-01,28.7
CL509,Kapilmuni,22.6887,89.3088,2022,12,2022-12-01,13.1
CL510,Khulna,22.8319,89.55,2017,1,2017-01-01,0.0
CL510,Khulna,22.8319,89.55,2017,2,2017-02-01,0.0
CL510,Khulna,22.8319,89.55,2017,3,2017-03-01,82.0
CL510,Khulna,22.8319,89.55,2017,4,2017-04-01,106.0
CL510,Khulna,22.8319,89.55,2017,5,2017-05-01,234.0
CL510,Khulna,22.8319,89.55,2017,6,2017-06-01,456.0
CL510,Khulna,22.8319,89.55,2017,7,2017-07-01,720.0
CL510,Khulna,22.8319,89.55,2017,8,2017-08-01,449.5
CL510,Khulna,22.8319,89.55,2017,9,2017-09-01,213.0
CL510,Khulna,22.8319,89.55,2017,10,2017-10-01,325.0
CL510,Khulna,22.8319,89.55,2017,11,2017-11-01,25.0
CL510,Khulna,22.8319,89.55,2017,12,2017-12-01,45.0
CL510,Khulna,22.8319,89.55,2018,1,2018-01-01,0.0
CL510,Khulna,22.8319,89.55,2018,2,2018-02-01,0.0
CL510,Khulna,22.8319,89.55,2018,3,2018-03-01,0.0
CL510,Khulna,22.8319,89.55,2018,4,2018-04-01,135.0
CL510,Khulna,22.8319,89.55,2018,5,2018-05-01,220.0
CL510,Khulna,22.8319,89.55,2018,6,2018-06-01,240.0
CL510,Khulna,22.8319,89.55,2018,7,2018-07-01,267.0
CL510,Khulna,22.8319,89.55,2018,8,2018-08-01,78.0
CL510,Khulna,22.8319,89.55,2018,9,2018-09-01,165.0
CL510,Khulna,22.8319,89.55,2018,10,2018-10-01,46.0
CL510,Khulna,22.8319,89.55,2018,11,2018-11-01,0.0
CL510,Khulna,22.8319,89.55,2018,12,2018-12-01,0.0
CL510,Khulna,22.8319,89.55,2019,1,2019-01-01,0.0
CL510,Khulna,22.8319,89.55,2019,2,2019-02-01,170.0
CL510,Khulna,22.8319,89.55,2019,3,2019-03-01,70.3
CL510,Khulna,22.8319,89.55,2019,4,2019-04-01,61.0
CL510,Khulna,22.8319,89.55,2019,5,2019-05-01,79.0
CL510,Khulna,22.8319,89.55,2019,6,2019-06-01,168.0
CL510,Khulna,22.8319,89.55,2019,7,2019-07-01,287.0
CL510,Khulna,22.8319,89.55,2019,8,2019-08-01,508.0
CL510,Khulna,22.8319,89.55,2019,9,2019-09-01,238.0
CL510,Khulna,22.8319,89.55,2019,10,2019-10-01,318.2
CL510,Khulna,22.8319,89.55,2019,11,2019-11-01,117.0
CL510,Khulna,22.8319,89.55,2019,12,2019-12-01,46.5
CL510,Khulna,22.8319,89.55,2020,1,2020-01-01,0.0
CL510,Khulna,22.8319,89.55,2020,2,2020-02-01,69.4
CL510,Khulna,22.8319,89.55,2020,3,2020-03-01,49.9
CL510,Khulna,22.8319,89.55,2020,4,2020-04-01,97.3
CL510,Khulna,22.8319,89.55,2020,5,2020-05-01,166.0
CL510,Khulna,22.8319,89.55,2020,6,2020-06-01,266.4
CL510,Khulna,22.8319,89.55,2020,7,2020-07-01,392.2
CL510,Khulna,22.8319,89.55,2020,8,2020-08-01,349.6
CL510,Khulna,22.8319,89.55,2020,9,2020-09-01,207.2
CL510,Khulna,22.8319,89.55,2020,10,2020-10-01,229.2
CL510,Khulna,22.8319,89.55,2020,11,2020-11-01,54.2
CL510,Khulna,22.8319,89.55,2020,12,2020-12-01,30.6
CL510,Khulna,22.8319,89.55,2021,1,2021-01-01,0.0
CL510,Khulna,22.8319,89.55,2021,2,2021-02-01,82.2
CL510,Khulna,22.8319,89.55,2021,3,2021-03-01,49.0
CL510,Khulna,22.8319,89.55,2021,4,2021-04-01,93.9
CL510,Khulna,22.8319,89.55,2021,5,2021-05-01,154.4
CL510,Khulna,22.8319,89.55,2021,6,2021-06-01,244.8
CL510,Khulna,22.8319,89.55,2021,7,2021-07-01,359.7
CL510,Khulna,22.8319,89.55,2021,8,2021-08-01,353.9
CL510,Khulna,22.8319,89.55,2021,9,2021-09-01,209.1
CL510,Khulna,22.8319,89.55,2021,10,2021-10-01,228.7
CL510,Khulna,22.8319,89.55,2021,11,2021-11-01,61.1
CL510,Khulna,22.8319,89.55,2021,12,2021-12-01,30.7
CL510,Khulna,22.8319,89.55,2022,1,2022-01-01,0.0
CL510,Khulna,22.8319,89.55,2022,2,2022-02-01,94.9
CL510,Khulna,22.8319,89.55,2022,3,2022-03-01,48.1
CL510,Khulna,22.8319,89.55,2022,4,2022-04-01,90.5
CL510,Khulna,22.8319,89.55,2022,5,2022-05-01,142.8
CL510,Khulna,22.8319,89.55,2022,6,2022-06-01,223.2
CL510,Khulna,22.8319,89.55,2022,7,2022-07-01,327.2
CL510,Khulna,22.8319,89.55,2022,8,2022-08-01,358.3
CL510,Khulna,22.8319,89.55,2022,9,2022-09-01,211.0
CL510,Khulna,22.8319,89.55,2022,10,2022-10-01,228.2
CL510,Khulna,22.8319,89.55,2022,11,2022-11-01,68.0
CL510,Khulna,22.8319,89.55,2022,12,2022-12-01,30.8
CL515,Paikgacha,22.585,89.3182,2017,1,2017-01-01,0.0
CL515,Paikgacha,22.585,89.3182,2017,2,2017-02-01,0.0
CL515,Paikgacha,22.585,89.3182,2017,3,2017-03-01,72.0
CL515,Paikgacha,22.585,89.3182,2017,4,2017-04-01,197.0
CL515,Paikgacha,22.585,89.3182,2017,5,2017-05-01,194.0
CL515,Paikgacha,22.585,89.3182,2017,6,2017-06-01,624.0
CL515,Paikgacha,22.585,89.3182,2017,7,2017-07-01,687.0
CL515,Paikgacha,22.585,89.3182,2017,8,2017-08-01,259.4
CL515,Paikgacha,22.585,89.3182,2017,9,2017-09-01,393.0
CL515,Paikgacha,22.585,89.3182,2017,10,2017-10-01,442.0
CL515,Paikgacha,22.585,89.3182,2017,11,2017-11-01,11.0
CL515,Paikgacha,22.585,89.3182,2017,12,2017-12-01,28.0
CL515,Paikgacha,22.585,89.3182,2018,1,2018-01-01,0.0
CL515,Paikgacha,22.585,89.3182,2018,2,2018-02-01,0.0
CL515,Paikgacha,22.585,89.3182,2018,3,2018-03-01,8.0
CL515,Paikgacha,22.585,89.3182,2018,4,2018-04-01,109.0
CL515,Paikgacha,22.585,89.3182,2018,5,2018-05-01,109.0
CL515,Paikgacha,22.585,89.3182,2018,6,2018-06-01,148.0
CL515,Paikgacha,22.585,89.3182,2018,7,2018-07-01,425.0
CL515,Paikgacha,22.585,89.3182,2018,8,2018-08-01,150.0
CL515,Paikgacha,22.585,89.3182,2018,9,2018-09-01,193.0
CL515,Paikgacha,22.585,89.3182,2018,10,2018-10-01,91.0
CL515,Paikgacha,22.585,89.3182,2018,11,2018-11-01,0.0
CL515,Paikgacha,22.585,89.3182,2018,12,2018-12-01,0.0
CL515,Paikgacha,22.585,89.3182,2019,1,2019-01-01,0.0
CL515,Paikgacha,22.585,89.3182,2019,2,2019-02-01,128.0
CL515,Paikgacha,22.585,89.3182,2019,3,2019-03-01,65.0
CL515,Paikgacha,22.585,89.3182,2019,4,2019-04-01,75.0
CL515,Paikgacha,22.585,89.3182,2019,5,2019-05-01,87.0
CL515,Paikgacha,22.585,89.3182,2019,6,2019-06-01,139.0
CL515,Paikgacha,22.585,89.3182,2019,7,2019-07-01,360.0
CL515,Paikgacha,22.585,89.3182,2019,8,2019-08-01,442.0
CL515,Paikgacha,22.585,89.3182,2019,9,2019-09-01,208.0
CL515,Paikgacha,22.585,89.3182,2019,10,2019-10-01,229.1
CL515,Paikgacha,22.585,89.3182,2019,11,2019-11-01,113.8
CL515,Paikgacha,22.585,89.3182,2019,12,2019-12-01,45.5
CL515,Paikgacha,22.585,89.3182,2020,1,2020-01-01,0.0
CL515,Paikgacha,22.585,89.3182,2020,2,2020-02-01,52.3
CL515,Paikgacha,22.585,89.3182,2020,3,2020-03-01,47.8
CL515,Paikgacha,22.585,89.3182,2020,4,2020-04-01,117.9
CL515,Paikgacha,22.585,89.3182,2020,5,2020-05-01,122.0
CL515,Paikgacha,22.585,89.3182,2020,6,2020-06-01,267.3
CL515,Paikgacha,22.585,89.3182,2020,7,2020-07-01,466.1
CL515,Paikgacha,22.585,89.3182,2020,8,2020-08-01,297.5
CL515,Paikgacha,22.585,89.3182,2020,9,2020-09-01,250.8
CL515,Paikgacha,22.585,89.3182,2020,10,2020-10-01,238.1
CL515,Paikgacha,22.585,89.3182,2020,11,2020-11-01,49.3
CL515,Paikgacha,22.585,89.3182,2020,12,2020-12-01,25.8
CL515,Paikgacha,22.585,89.3182,2021,1,2021-01-01,0.0
CL515,Paikgacha,22.585,89.3182,2021,2,2021-02-01,61.9
CL515,Paikgacha,22.585,89.3182,2021,3,2021-03-01,47.3
CL515,Paikgacha,22.585,89.3182,2021,4,2021-04-01,108.7
CL515,Paikgacha,22.585,89.3182,2021,5,2021-05-01,114.0
CL515,Paikgacha,22.585,89.3182,2021,6,2021-06-01,230.9
CL515,Paikgacha,22.585,89.3182,2021,7,2021-07-01,441.6
CL515,Paikgacha,22.585,89.3182,2021,8,2021-08-01,311.2
CL515,Paikgacha,22.585,89.3182,2021,9,2021-09-01,236.9
CL515,Paikgacha,22.585,89.3182,2021,10,2021-10-01,222.1
CL515,Paikgacha,22.585,89.3182,2021,11,2021-11-01,57.0
CL515,Paikgacha,22.585,89.3182,2021,12,2021-12-01,27.1
CL515,Paikgacha,22.585,89.3182,2022,1,2022-01-01,0.0
CL515,Paikgacha,22.585,89.3182,2022,2,2022-02-01,71.5
CL515,Paikgacha,22.585,89.3182,2022,3,2022-03-01,46.8
CL515,Paikgacha,22.585,89.3182,2022,4,2022-04-01,99.6
CL515,Paikgacha,22.585,89.3182,2022,5,2022-05-01,105.9
CL515,Paikgacha,22.585,89.3182,2022,6,2022-06-01,194.5
CL515,Paikgacha,22.585,89.3182,2022,7,2022-07-01,417.1
CL515,Paikgacha,22.585,89.3182,2022,8,2022-08-01,324.9
CL515,Paikgacha,22.585,89.3182,2022,9,2022-09-01,223.0
CL515,Paikgacha,22.585,89.3182,2022,10,2022-10-01,206.1
CL515,Paikgacha,22.585,89.3182,2022,11,2022-11-01,64.7
CL515,Paikgacha,22.585,89.3182,2022,12,2022-12-01,28.4
CL517,Rupsa,22.79,89.59,2017,1,2017-01-01,0.0
CL517,Rupsa,22.79,89.59,2017,2,2017-02-01,0.0
CL517,Rupsa,22.79,89.59,2017,3,2017-03-01,125.1
CL517,Rupsa,22.79,89.59,2017,4,2017-04-01,142.1
CL517,Rupsa,22.79,89.59,2017,5,2017-05-01,255.7
CL517,Rupsa,22.79,89.59,2017,6,2017-06-01,331.1
CL517,Rupsa,22.79,89.59,2017,7,2017-07-01,587.5
CL517,Rupsa,22.79,89.59,2017,8,2017-08-01,239.5
CL517,Rupsa,22.79,89.59,2017,9,2017-09-01,155.3
CL517,Rupsa,22.79,89.59,2017,10,2017-10-01,435.2
CL517,Rupsa,22.79,89.59,2017,11,2017-11-01,4.2
CL517,Rupsa,22.79,89.59,2017,12,2017-12-01,23.7
CL517,Rupsa,22.79,89.59,2018,1,2018-01-01,0.0
CL517,Rupsa,22.79,89.59,2018,2,2018-02-01,0.0
CL517,Rupsa,22.79,89.59,2018,3,2018-03-01,6.4
CL517,Rupsa,22.79,89.59,2018,4,2018-04-01,108.9
CL517,Rupsa,22.79,89.59,2018,5,2018-05-01,174.5
CL517,Rupsa,22.79,89.59,2018,6,2018-06-01,224.3
CL517,Rupsa,22.79,89.59,2018,7,2018-07-01,428.5
CL517,Rupsa,22.79,89.59,2018,8,2018-08-01,206.7
CL517,Rupsa,22.79,89.59,2018,9,2018-09-01,122.0
CL517,Rupsa,22.79,89.59,2018,10,2018-10-01,42.4
CL517,Rupsa,22.79,89.59,2018,11,2018-11-01,0.0
CL517,Rupsa,22.79,89.59,2018,12,2018-12-01,0.0
CL517,Rupsa,22.79,89.59,2019,1,2019-01-01,0.0
CL517,Rupsa,22.79,89.59,2019,2,2019-02-01,130.0
CL517,Rupsa,22.79,89.59,2019,3,2019-03-01,71.6
CL517,Rupsa,22.79,89.59,2019,4,2019-04-01,46.3
CL517,Rupsa,22.79,89.59,2019,5,2019-05-01,109.9
CL517,Rupsa,22.79,89.59,2019,6,2019-06-01,154.1
CL517,Rupsa,22.79,89.59,2019,7,2019-07-01,331.1
CL517,Rupsa,22.79,89.59,2019,8,2019-08-01,421.6
CL517,Rupsa,22.79,89.59,2019,9,2019-09-01,139.0
CL517,Rupsa,22.79,89.59,2019,10,2019-10-01,161.9
CL517,Rupsa,22.79,89.59,2019,11,2019-11-01,22.9
CL517,Rupsa,22.79,89.59,2019,12,2019-12-01,1.5
CL517,Rupsa,22.79,89.59,2020,1,2020-01-01,0.0
CL517,Rupsa,22.79,89.59,2020,2,2020-02-01,53.1
CL517,Rupsa,22.79,89.59,2020,3,2020-03-01,63.7
CL517,Rupsa,22.79,89.59,2020,4,2020-04-01,91.9
CL517,Rupsa,22.79,89.59,2020,5,2020-05-01,169.1
CL517,Rupsa,22.79,89.59,2020,6,2020-06-01,223.2
CL517,Rupsa,22.79,89.59,2020,7,2020-07-01,429.8
CL517,Rupsa,22.79,89.59,2020,8,2020-08-01,302.9
CL517,Rupsa,22.79,89.59,2020,9,2020-09-01,137.5
CL517,Rupsa,22.79,89.59,2020,10,2020-10-01,192.7
CL517,Rupsa,22.79,89.59,2020,11,2020-11-01,10.4
CL517,Rupsa,22.79,89.59,2020,12,2020-12-01,6.7
CL517,Rupsa,22.79,89.59,2021,1,2021-01-01,0.0
CL517,Rupsa,22.79,89.59,2021,2,2021-02-01,62.8
CL517,Rupsa,22.79,89.59,2021,3,2021-03-01,59.7
CL517,Rupsa,22.79,89.59,2021,4,2021-04-01,84.7
CL517,Rupsa,22.79,89.59,2021,5,2021-05-01,158.2
CL517,Rupsa,22.79,89.59,2021,6,2021-06-01,209.9
CL517,Rupsa,22.79,89.59,2021,7,2021-07-01,410.6
CL517,Rupsa,22.79,89.59,2021,8,2021-08-01,316.6
CL517,Rupsa,22.79,89.59,2021,9,2021-09-01,136.3
CL517,Rupsa,22.79,89.59,2021,10,2021-10-01,172.2
CL517,Rupsa,22.79,89.59,2021,11,2021-11-01,11.8
CL517,Rupsa,22.79,89.59,2021,12,2021-12-01,5.1
CL517,Rupsa,22.79,89.59,2022,1,2022-01-01,0.0
CL517,Rupsa,22.79,89.59,2022,2,2022-02-01,72.6
CL517,Rupsa,22.79,89.59,2022,3,2022-03-01,55.6
CL517,Rupsa,22.79,89.59,2022,4,2022-04-01,77.5
CL517,Rupsa,22.79,89.59,2022,5,2022-05-01,147.2
CL517,Rupsa,22.79,89.59,2022,6,2022-06-01,196.7
CL517,Rupsa,22.79,89.59,2022,7,2022-07-01,391.3
CL517,Rupsa,22.79,89.59,2022,8,2022-08-01,330.3
CL517,Rupsa,22.79,89.59,2022,9,2022-09-01,135.1
CL517,Rupsa,22.79,89.59,2022,10,2022-10-01,151.7
CL517,Rupsa,22.79,89.59,2022,11,2022-11-01,13.2
CL517,Rupsa,22.79,89.59,2022,12,2022-12-01,3.4
