Year,Month,Month_ID,Status,Output_File,Band_Count,Processing_Seconds,Error
2017,1,2017_01,Success,E:\Geospatial\Precipitation Downscaling\Precipitation-Downscaling-Khulna\data\processed\predictor_stack\predictor_stack_2017_01.tif,15,0.807,
2017,2,2017_02,Success,E:\Geospatial\Precipitation Downscaling\Precipitation-Downscaling-Khulna\data\processed\predictor_stack\predictor_stack_2017_02.tif,15,0.604,
2017,3,2017_03,Success,E:\Geospatial\Precipitation Downscaling\Precipitation-Downscaling-Khulna\data\processed\predictor_stack\predictor_stack_2017_03.tif,15,0.693,
2017,4,2017_04,Success,E:\Geospatial\Precipitation Downscaling\Precipitation-Downscaling-Khulna\data\processed\predictor_stack\predictor_stack_2017_04.tif,15,0.638,
2017,5,2017_05,Success,E:\Geospatial\Precipitation Downscaling\Precipitation-Downscaling-Khulna\data\processed\predictor_stack\predictor_stack_2017_05.tif,15,0.602,
2017,6,2017_06,Success,E:\Geospatial\Precipitation Downscaling\Precipitation-Downscaling-Khulna\data\processed\predictor_stack\predictor_stack_2017_06.tif,15,0.555,
2017,7,2017_07,Success,E:\Geospatial\Precipitation Downscaling\Precipitation-Downscaling-Khulna\data\processed\predictor_stack\predictor_stack_2017_07.tif,15,0.56,
2017,8,2017_08,Success,E:\Geospatial\Precipitation Downscaling\Precipitation-Downscaling-Khulna\data\processed\predictor_stack\predictor_stack_2017_08.tif,15,0.665,
2017,9,2017_09,Success,E:\Geospatial\Precipitation Downscaling\Precipitation-Downscaling-Khulna\data\processed\predictor_stack\predictor_stack_2017_09.tif,15,0.584,
2017,10,2017_10,Success,E:\Geospatial\Precipitation Downscaling\Precipitation-Downscaling-Khulna\data\processed\predictor_stack\predictor_stack_2017_10.tif,15,0.557,
2017,11,2017_11,Success,E:\Geospatial\Precipitation Downscaling\Precipitation-Downscaling-Khulna\data\processed\predictor_stack\predictor_stack_2017_11.tif,15,0.589,
2017,12,2017_12,Success,E:\Geospatial\Precipitation Downscaling\Precipitation-Downscaling-Khulna\data\processed\predictor_stack\predictor_stack_2017_12.tif,15,0.673,
2018,1,2018_01,Success,E:\Geospatial\Precipitation Downscaling\Precipitation-Downscaling-Khulna\data\processed\predictor_stack\predictor_stack_2018_01.tif,15,0.603,
2018,2,2018_02,Success,E:\Geospatial\Precipitation Downscaling\Precipitation-Downscaling-Khulna\data\processed\predictor_stack\predictor_stack_2018_02.tif,15,0.623,
2018,3,2018_03,Success,E:\Geospatial\Precipitation Downscaling\Precipitation-Downscaling-Khulna\data\processed\predictor_stack\predictor_stack_2018_03.tif,15,0.637,
2018,4,2018_04,Success,E:\Geospatial\Precipitation Downscaling\Precipitation-Downscaling-Khulna\data\processed\predictor_stack\predictor_stack_2018_04.tif,15,0.625,
2018,5,2018_05,Success,E:\Geospatial\Precipitation Downscaling\Precipitation-Downscaling-Khulna\data\processed\predictor_stack\predictor_stack_2018_05.tif,15,0.772,
2018,6,2018_06,Success,E:\Geospatial\Precipitation Downscaling\Precipitation-Downscaling-Khulna\data\processed\predictor_stack\predictor_stack_2018_06.tif,15,0.593,
2018,7,2018_07,Success,E:\Geospatial\Precipitation Downscaling\Precipitation-Downscaling-Khulna\data\processed\predictor_stack\predictor_stack_2018_07.tif,15,0.607,
2018,8,2018_08,Success,E:\Geospatial\Precipitation Downscaling\Precipitation-Downscaling-Khulna\data\processed\predictor_stack\predictor_stack_2018_08.tif,15,0.61,
2018,9,2018_09,Success,E:\Geospatial\Precipitation Downscaling\Precipitation-Downscaling-Khulna\data\processed\predictor_stack\predictor_stack_2018_09.tif,15,0.589,
2018,10,2018_10,Success,E:\Geospatial\Precipitation Downscaling\Precipitation-Downscaling-Khulna\data\processed\predictor_stack\predictor_stack_2018_10.tif,15,0.584,
2018,11,2018_11,Success,E:\Geospatial\Precipitation Downscaling\Precipitation-Downscaling-Khulna\data\processed\predictor_stack\predictor_stack_2018_11.tif,15,1.065,
2018,12,2018_12,Success,E:\Geospatial\Precipitation Downscaling\Precipitation-Downscaling-Khulna\data\processed\predictor_stack\predictor_stack_2018_12.tif,15,1.048,
2019,1,2019_01,Success,E:\Geospatial\Precipitation Downscaling\Precipitation-Downscaling-Khulna\data\processed\predictor_stack\predictor_stack_2019_01.tif,15,0.872,
2019,2,2019_02,Success,E:\Geospatial\Precipitation Downscaling\Precipitation-Downscaling-Khulna\data\processed\predictor_stack\predictor_stack_2019_02.tif,15,0.568,
2019,3,2019_03,Success,E:\Geospatial\Precipitation Downscaling\Precipitation-Downscaling-Khulna\data\processed\predictor_stack\predictor_stack_2019_03.tif,15,0.599,
2019,4,2019_04,Success,E:\Geospatial\Precipitation Downscaling\Precipitation-Downscaling-Khulna\data\processed\predictor_stack\predictor_stack_2019_04.tif,15,0.567,
2019,5,2019_05,Success,E:\Geospatial\Precipitation Downscaling\Precipitation-Downscaling-Khulna\data\processed\predictor_stack\predictor_stack_2019_05.tif,15,0.569,
2019,6,2019_06,Success,E:\Geospatial\Precipitation Downscaling\Precipitation-Downscaling-Khulna\data\processed\predictor_stack\predictor_stack_2019_06.tif,15,0.631,
2019,7,2019_07,Success,E:\Geospatial\Precipitation Downscaling\Precipitation-Downscaling-Khulna\data\processed\predictor_stack\predictor_stack_2019_07.tif,15,0.618,
2019,8,2019_08,Success,E:\Geospatial\Precipitation Downscaling\Precipitation-Downscaling-Khulna\data\processed\predictor_stack\predictor_stack_2019_08.tif,15,0.649,
2019,9,2019_09,Success,E:\Geospatial\Precipitation Downscaling\Precipitation-Downscaling-Khulna\data\processed\predictor_stack\predictor_stack_2019_09.tif,15,0.57,
2019,10,2019_10,Success,E:\Geospatial\Precipitation Downscaling\Precipitation-Downscaling-Khulna\data\processed\predictor_stack\predictor_stack_2019_10.tif,15,0.559,
2019,11,2019_11,Success,E:\Geospatial\Precipitation Downscaling\Precipitation-Downscaling-Khulna\data\processed\predictor_stack\predictor_stack_2019_11.tif,15,0.577,
2019,12,2019_12,Success,E:\Geospatial\Precipitation Downscaling\Precipitation-Downscaling-Khulna\data\processed\predictor_stack\predictor_stack_2019_12.tif,15,0.633,
2020,1,2020_01,Success,E:\Geospatial\Precipitation Downscaling\Precipitation-Downscaling-Khulna\data\processed\predictor_stack\predictor_stack_2020_01.tif,15,0.569,
2020,2,2020_02,Success,E:\Geospatial\Precipitation Downscaling\Precipitation-Downscaling-Khulna\data\processed\predictor_stack\predictor_stack_2020_02.tif,15,0.571,
2020,3,2020_03,Success,E:\Geospatial\Precipitation Downscaling\Precipitation-Downscaling-Khulna\data\processed\predictor_stack\predictor_stack_2020_03.tif,15,0.571,
2020,4,2020_04,Success,E:\Geospatial\Precipitation Downscaling\Precipitation-Downscaling-Khulna\data\processed\predictor_stack\predictor_stack_2020_04.tif,15,0.571,
2020,5,2020_05,Success,E:\Geospatial\Precipitation Downscaling\Precipitation-Downscaling-Khulna\data\processed\predictor_stack\predictor_stack_2020_05.tif,15,0.61,
2020,6,2020_06,Success,E:\Geospatial\Precipitation Downscaling\Precipitation-Downscaling-Khulna\data\processed\predictor_stack\predictor_stack_2020_06.tif,15,0.591,
2020,7,2020_07,Success,E:\Geospatial\Precipitation Downscaling\Precipitation-Downscaling-Khulna\data\processed\predictor_stack\predictor_stack_2020_07.tif,15,0.56,
2020,8,2020_08,Success,E:\Geospatial\Precipitation Downscaling\Precipitation-Downscaling-Khulna\data\processed\predictor_stack\predictor_stack_2020_08.tif,15,0.6,
2020,9,2020_09,Success,E:\Geospatial\Precipitation Downscaling\Precipitation-Downscaling-Khulna\data\processed\predictor_stack\predictor_stack_2020_09.tif,15,0.662,
2020,10,2020_10,Success,E:\Geospatial\Precipitation Downscaling\Precipitation-Downscaling-Khulna\data\processed\predictor_stack\predictor_stack_2020_10.tif,15,0.605,
2020,11,2020_11,Success,E:\Geospatial\Precipitation Downscaling\Precipitation-Downscaling-Khulna\data\processed\predictor_stack\predictor_stack_2020_11.tif,15,0.665,
2020,12,2020_12,Success,E:\Geospatial\Precipitation Downscaling\Precipitation-Downscaling-Khulna\data\processed\predictor_stack\predictor_stack_2020_12.tif,15,0.675,
2021,1,2021_01,Success,E:\Geospatial\Precipitation Downscaling\Precipitation-Downscaling-Khulna\data\processed\predictor_stack\predictor_stack_2021_01.tif,15,0.605,
2021,2,2021_02,Success,E:\Geospatial\Precipitation Downscaling\Precipitation-Downscaling-Khulna\data\processed\predictor_stack\predictor_stack_2021_02.tif,15,0.598,
2021,3,2021_03,Success,E:\Geospatial\Precipitation Downscaling\Precipitation-Downscaling-Khulna\data\processed\predictor_stack\predictor_stack_2021_03.tif,15,0.609,
2021,4,2021_04,Success,E:\Geospatial\Precipitation Downscaling\Precipitation-Downscaling-Khulna\data\processed\predictor_stack\predictor_stack_2021_04.tif,15,0.568,
2021,5,2021_05,Success,E:\Geospatial\Precipitation Downscaling\Precipitation-Downscaling-Khulna\data\processed\predictor_stack\predictor_stack_2021_05.tif,15,0.614,
2021,6,2021_06,Success,E:\Geospatial\Precipitation Downscaling\Precipitation-Downscaling-Khulna\data\processed\predictor_stack\predictor_stack_2021_06.tif,15,0.607,
2021,7,2021_07,Success,E:\Geospatial\Precipitation Downscaling\Precipitation-Downscaling-Khulna\data\processed\predictor_stack\predictor_stack_2021_07.tif,15,0.55,
2021,8,2021_08,Success,E:\Geospatial\Precipitation Downscaling\Precipitation-Downscaling-Khulna\data\processed\predictor_stack\predictor_stack_2021_08.tif,15,0.58,
2021,9,2021_09,Success,E:\Geospatial\Precipitation Downscaling\Precipitation-Downscaling-Khulna\data\processed\predictor_stack\predictor_stack_2021_09.tif,15,0.559,
2021,10,2021_10,Success,E:\Geospatial\Precipitation Downscaling\Precipitation-Downscaling-Khulna\data\processed\predictor_stack\predictor_stack_2021_10.tif,15,0.599,
2021,11,2021_11,Success,E:\Geospatial\Precipitation Downscaling\Precipitation-Downscaling-Khulna\data\processed\predictor_stack\predictor_stack_2021_11.tif,15,0.572,
2021,12,2021_12,Success,E:\Geospatial\Precipitation Downscaling\Precipitation-Downscaling-Khulna\data\processed\predictor_stack\predictor_stack_2021_12.tif,15,0.562,
2022,1,2022_01,Success,E:\Geospatial\Precipitation Downscaling\Precipitation-Downscaling-Khulna\data\processed\predictor_stack\predictor_stack_2022_01.tif,15,0.619,
2022,2,2022_02,Success,E:\Geospatial\Precipitation Downscaling\Precipitation-Downscaling-Khulna\data\processed\predictor_stack\predictor_stack_2022_02.tif,15,0.682,
2022,3,2022_03,Success,E:\Geospatial\Precipitation Downscaling\Precipitation-Downscaling-Khulna\data\processed\predictor_stack\predictor_stack_2022_03.tif,15,0.586,
2022,4,2022_04,Success,E:\Geospatial\Precipitation Downscaling\Precipitation-Downscaling-Khulna\data\processed\predictor_stack\predictor_stack_2022_04.tif,15,0.551,
2022,5,2022_05,Success,E:\Geospatial\Precipitation Downscaling\Precipitation-Downscaling-Khulna\data\processed\predictor_stack\predictor_stack_2022_05.tif,15,0.804,
2022,6,2022_06,Success,E:\Geospatial\Precipitation Downscaling\Precipitation-Downscaling-Khulna\data\processed\predictor_stack\predictor_stack_2022_06.tif,15,0.58,
2022,7,2022_07,Success,E:\Geospatial\Precipitation Downscaling\Precipitation-Downscaling-Khulna\data\processed\predictor_stack\predictor_stack_2022_07.tif,15,0.745,
2022,8,2022_08,Success,E:\Geospatial\Precipitation Downscaling\Precipitation-Downscaling-Khulna\data\processed\predictor_stack\predictor_stack_2022_08.tif,15,0.835,
2022,9,2022_09,Success,E:\Geospatial\Precipitation Downscaling\Precipitation-Downscaling-Khulna\data\processed\predictor_stack\predictor_stack_2022_09.tif,15,0.906,
2022,10,2022_10,Success,E:\Geospatial\Precipitation Downscaling\Precipitation-Downscaling-Khulna\data\processed\predictor_stack\predictor_stack_2022_10.tif,15,1.029,
2022,11,2022_11,Success,E:\Geospatial\Precipitation Downscaling\Precipitation-Downscaling-Khulna\data\processed\predictor_stack\predictor_stack_2022_11.tif,15,0.863,
2022,12,2022_12,Success,E:\Geospatial\Precipitation Downscaling\Precipitation-Downscaling-Khulna\data\processed\predictor_stack\predictor_stack_2022_12.tif,15,0.788,
