station_id,station_name,latitude,longitude,year,month,date,month_id,season,month_sin,month_cos,rainfall_mm,CCS,CDR,CHIRPS,ERA5,GSMaP_Gauge,GSMaP_MVK,IMERG,LST,NDVI,PDIR,PERSIANN,Distance_Sea_meter,Land_Aspect_Degree_30m,Land_Khulna_SRTM_DEM,Land_Slope_Degree_30m,raster_x,raster_y,inside_raster_bounds,valid_predictor_count,missing_predictor_count,all_predictors_available
CL503,Chalna,22.6012,89.5195,2017,1,2017-01-01,2017_01,Winter,0.49999999999999994,0.8660254037844387,0.0,,,,,,,,,,,,,,,,,,False,0,15,False
CL504,Dumuria,22.8093,89.4145,2017,1,2017-01-01,2017_01,Winter,0.49999999999999994,0.8660254037844387,0.0,,,,,,,,,,,,,,,,,,False,0,15,False
CL509,Kapilmuni,22.6887,89.3088,2017,1,2017-01-01,2017_01,Winter,0.49999999999999994,0.8660254037844387,0.0,,,,,,,,,,,,,,,,,,False,0,15,False
CL510,Khulna,22.8319,89.55,2017,1,2017-01-01,2017_01,Winter,0.49999999999999994,0.8660254037844387,0.0,,,,,,,,,,,,,,,,,,False,0,15,False
CL515,Paikgacha,22.585,89.3182,2017,1,2017-01-01,2017_01,Winter,0.49999999999999994,0.8660254037844387,0.0,,,,,,,,,,,,,,,,,,False,0,15,False
CL517,Rupsa,22.79,89.59,2017,1,2017-01-01,2017_01,Winter,0.49999999999999994,0.8660254037844387,0.0,,,,,,,,,,,,,,,,,,False,0,15,False
CL503,Chalna,22.6012,89.5195,2017,2,2017-02-01,2017_02,Winter,0.8660254037844386,0.5000000000000001,0.0,,,,,,,,,,,,,,,,,,False,0,15,False
CL504,Dumuria,22.8093,89.4145,2017,2,2017-02-01,2017_02,Winter,0.8660254037844386,0.5000000000000001,0.0,,,,,,,,,,,,,,,,,,False,0,15,False
CL509,Kapilmuni,22.6887,89.3088,2017,2,2017-02-01,2017_02,Winter,0.8660254037844386,0.5000000000000001,0.0,,,,,,,,,,,,,,,,,,False,0,15,False
CL510,Khulna,22.8319,89.55,2017,2,2017-02-01,2017_02,Winter,0.8660254037844386,0.5000000000000001,0.0,,,,,,,,,,,,,,,,,,False,0,15,False
CL515,Paikgacha,22.585,89.3182,2017,2,2017-02-01,2017_02,Winter,0.8660254037844386,0.5000000000000001,0.0,,,,,,,,,,,,,,,,,,False,0,15,False
CL517,Rupsa,22.79,89.59,2017,2,2017-02-01,2017_02,Winter,0.8660254037844386,0.5000000000000001,0.0,,,,,,,,,,,,,,,,,,False,0,15,False
CL503,Chalna,22.6012,89.5195,2017,3,2017-03-01,2017_03,Pre_Monsoon,1.0,6.123233995736766e-17,345.0,,,,,,,,,,,,,,,,,,False,0,15,False
CL504,Dumuria,22.8093,89.4145,2017,3,2017-03-01,2017_03,Pre_Monsoon,1.0,6.123233995736766e-17,45.3,,,,,,,,,,,,,,,,,,False,0,15,False
CL509,Kapilmuni,22.6887,89.3088,2017,3,2017-03-01,2017_03,Pre_Monsoon,1.0,6.123233995736766e-17,97.0,,,,,,,,,,,,,,,,,,False,0,15,False
CL510,Khulna,22.8319,89.55,2017,3,2017-03-01,2017_03,Pre_Monsoon,1.0,6.123233995736766e-17,82.0,,,,,,,,,,,,,,,,,,False,0,15,False
CL515,Paikgacha,22.585,89.3182,2017,3,2017-03-01,2017_03,Pre_Monsoon,1.0,6.123233995736766e-17,72.0,,,,,,,,,,,,,,,,,,False,0,15,False
CL517,Rupsa,22.79,89.59,2017,3,2017-03-01,2017_03,Pre_Monsoon,1.0,6.123233995736766e-17,125.1,,,,,,,,,,,,,,,,,,False,0,15,False
CL503,Chalna,22.6012,89.5195,2017,4,2017-04-01,2017_04,Pre_Monsoon,0.8660254037844387,-0.4999999999999998,270.0,,,,,,,,,,,,,,,,,,False,0,15,False
CL504,Dumuria,22.8093,89.4145,2017,4,2017-04-01,2017_04,Pre_Monsoon,0.8660254037844387,-0.4999999999999998,152.3,,,,,,,,,,,,,,,,,,False,0,15,False
CL509,Kapilmuni,22.6887,89.3088,2017,4,2017-04-01,2017_04,Pre_Monsoon,0.8660254037844387,-0.4999999999999998,24.0,,,,,,,,,,,,,,,,,,False,0,15,False
CL510,Khulna,22.8319,89.55,2017,4,2017-04-01,2017_04,Pre_Monsoon,0.8660254037844387,-0.4999999999999998,106.0,,,,,,,,,,,,,,,,,,False,0,15,False
CL515,Paikgacha,22.585,89.3182,2017,4,2017-04-01,2017_04,Pre_Monsoon,0.8660254037844387,-0.4999999999999998,197.0,,,,,,,,,,,,,,,,,,False,0,15,False
CL517,Rupsa,22.79,89.59,2017,4,2017-04-01,2017_04,Pre_Monsoon,0.8660254037844387,-0.4999999999999998,142.1,,,,,,,,,,,,,,,,,,False,0,15,False
CL503,Chalna,22.6012,89.5195,2017,5,2017-05-01,2017_05,Pre_Monsoon,0.49999999999999994,-0.8660254037844387,783.0,,,,,,,,,,,,,,,,,,False,0,15,False
CL504,Dumuria,22.8093,89.4145,2017,5,2017-05-01,2017_05,Pre_Monsoon,0.49999999999999994,-0.8660254037844387,6.9,,,,,,,,,,,,,,,,,,False,0,15,False
CL509,Kapilmuni,22.6887,89.3088,2017,5,2017-05-01,2017_05,Pre_Monsoon,0.49999999999999994,-0.8660254037844387,69.0,,,,,,,,,,,,,,,,,,False,0,15,False
CL510,Khulna,22.8319,89.55,2017,5,2017-05-01,2017_05,Pre_Monsoon,0.49999999999999994,-0.8660254037844387,234.0,,,,,,,,,,,,,,,,,,False,0,15,False
CL515,Paikgacha,22.585,89.3182,2017,5,2017-05-01,2017_05,Pre_Monsoon,0.49999999999999994,-0.8660254037844387,194.0,,,,,,,,,,,,,,,,,,False,0,15,False
CL517,Rupsa,22.79,89.59,2017,5,2017-05-01,2017_05,Pre_Monsoon,0.49999999999999994,-0.8660254037844387,255.7,,,,,,,,,,,,,,,,,,False,0,15,False
CL503,Chalna,22.6012,89.5195,2017,6,2017-06-01,2017_06,Monsoon,1.2246467991473532e-16,-1.0,212.7,,,,,,,,,,,,,,,,,,False,0,15,False
CL504,Dumuria,22.8093,89.4145,2017,6,2017-06-01,2017_06,Monsoon,1.2246467991473532e-16,-1.0,114.3,,,,,,,,,,,,,,,,,,False,0,15,False
CL509,Kapilmuni,22.6887,89.3088,2017,6,2017-06-01,2017_06,Monsoon,1.2246467991473532e-16,-1.0,304.0,,,,,,,,,,,,,,,,,,False,0,15,False
CL510,Khulna,22.8319,89.55,2017,6,2017-06-01,2017_06,Monsoon,1.2246467991473532e-16,-1.0,456.0,,,,,,,,,,,,,,,,,,False,0,15,False
CL515,Paikgacha,22.585,89.3182,2017,6,2017-06-01,2017_06,Monsoon,1.2246467991473532e-16,-1.0,624.0,,,,,,,,,,,,,,,,,,False,0,15,False
CL517,Rupsa,22.79,89.59,2017,6,2017-06-01,2017_06,Monsoon,1.2246467991473532e-16,-1.0,331.1,,,,,,,,,,,,,,,,,,False,0,15,False
CL503,Chalna,22.6012,89.5195,2017,7,2017-07-01,2017_07,Monsoon,-0.4999999999999997,-0.8660254037844388,426.5,,,,,,,,,,,,,,,,,,False,0,15,False
CL504,Dumuria,22.8093,89.4145,2017,7,2017-07-01,2017_07,Monsoon,-0.4999999999999997,-0.8660254037844388,637.0,,,,,,,,,,,,,,,,,,False,0,15,False
CL509,Kapilmuni,22.6887,89.3088,2017,7,2017-07-01,2017_07,Monsoon,-0.4999999999999997,-0.8660254037844388,606.0,,,,,,,,,,,,,,,,,,False,0,15,False
CL510,Khulna,22.8319,89.55,2017,7,2017-07-01,2017_07,Monsoon,-0.4999999999999997,-0.8660254037844388,720.0,,,,,,,,,,,,,,,,,,False,0,15,False
CL515,Paikgacha,22.585,89.3182,2017,7,2017-07-01,2017_07,Monsoon,-0.4999999999999997,-0.8660254037844388,687.0,,,,,,,,,,,,,,,,,,False,0,15,False
CL517,Rupsa,22.79,89.59,2017,7,2017-07-01,2017_07,Monsoon,-0.4999999999999997,-0.8660254037844388,587.5,,,,,,,,,,,,,,,,,,False,0,15,False
CL503,Chalna,22.6012,89.5195,2017,8,2017-08-01,2017_08,Monsoon,-0.8660254037844385,-0.5000000000000004,236.9,,,,,,,,,,,,,,,,,,False,0,15,False
CL504,Dumuria,22.8093,89.4145,2017,8,2017-08-01,2017_08,Monsoon,-0.8660254037844385,-0.5000000000000004,165.5,,,,,,,,,,,,,,,,,,False,0,15,False
CL509,Kapilmuni,22.6887,89.3088,2017,8,2017-08-01,2017_08,Monsoon,-0.8660254037844385,-0.5000000000000004,209.0,,,,,,,,,,,,,,,,,,False,0,15,False
CL510,Khulna,22.8319,89.55,2017,8,2017-08-01,2017_08,Monsoon,-0.8660254037844385,-0.5000000000000004,449.5,,,,,,,,,,,,,,,,,,False,0,15,False
CL515,Paikgacha,22.585,89.3182,2017,8,2017-08-01,2017_08,Monsoon,-0.8660254037844385,-0.5000000000000004,259.4,,,,,,,,,,,,,,,,,,False,0,15,False
CL517,Rupsa,22.79,89.59,2017,8,2017-08-01,2017_08,Monsoon,-0.8660254037844385,-0.5000000000000004,239.5,,,,,,,,,,,,,,,,,,False,0,15,False
CL503,Chalna,22.6012,89.5195,2017,9,2017-09-01,2017_09,Monsoon,-1.0,-1.8369701987210297e-16,161.4,,,,,,,,,,,,,,,,,,False,0,15,False
CL504,Dumuria,22.8093,89.4145,2017,9,2017-09-01,2017_09,Monsoon,-1.0,-1.8369701987210297e-16,193.6,,,,,,,,,,,,,,,,,,False,0,15,False
CL509,Kapilmuni,22.6887,89.3088,2017,9,2017-09-01,2017_09,Monsoon,-1.0,-1.8369701987210297e-16,93.0,,,,,,,,,,,,,,,,,,False,0,15,False
CL510,Khulna,22.8319,89.55,2017,9,2017-09-01,2017_09,Monsoon,-1.0,-1.8369701987210297e-16,213.0,,,,,,,,,,,,,,,,,,False,0,15,False
CL515,Paikgacha,22.585,89.3182,2017,9,2017-09-01,2017_09,Monsoon,-1.0,-1.8369701987210297e-16,393.0,,,,,,,,,,,,,,,,,,False,0,15,False
CL517,Rupsa,22.79,89.59,2017,9,2017-09-01,2017_09,Monsoon,-1.0,-1.8369701987210297e-16,155.3,,,,,,,,,,,,,,,,,,False,0,15,False
CL503,Chalna,22.6012,89.5195,2017,10,2017-10-01,2017_10,Post_Monsoon,-0.8660254037844386,0.5000000000000001,587.5,,,,,,,,,,,,,,,,,,False,0,15,False
CL504,Dumuria,22.8093,89.4145,2017,10,2017-10-01,2017_10,Post_Monsoon,-0.8660254037844386,0.5000000000000001,704.3,,,,,,,,,,,,,,,,,,False,0,15,False
CL509,Kapilmuni,22.6887,89.3088,2017,10,2017-10-01,2017_10,Post_Monsoon,-0.8660254037844386,0.5000000000000001,528.0,,,,,,,,,,,,,,,,,,False,0,15,False
CL510,Khulna,22.8319,89.55,2017,10,2017-10-01,2017_10,Post_Monsoon,-0.8660254037844386,0.5000000000000001,325.0,,,,,,,,,,,,,,,,,,False,0,15,False
CL515,Paikgacha,22.585,89.3182,2017,10,2017-10-01,2017_10,Post_Monsoon,-0.8660254037844386,0.5000000000000001,442.0,,,,,,,,,,,,,,,,,,False,0,15,False
CL517,Rupsa,22.79,89.59,2017,10,2017-10-01,2017_10,Post_Monsoon,-0.8660254037844386,0.5000000000000001,435.2,,,,,,,,,,,,,,,,,,False,0,15,False
CL503,Chalna,22.6012,89.5195,2017,11,2017-11-01,2017_11,Post_Monsoon,-0.5000000000000004,0.8660254037844384,0.0,,,,,,,,,,,,,,,,,,False,0,15,False
CL504,Dumuria,22.8093,89.4145,2017,11,2017-11-01,2017_11,Post_Monsoon,-0.5000000000000004,0.8660254037844384,0.0,,,,,,,,,,,,,,,,,,False,0,15,False
CL509,Kapilmuni,22.6887,89.3088,2017,11,2017-11-01,2017_11,Post_Monsoon,-0.5000000000000004,0.8660254037844384,0.0,,,,,,,,,,,,,,,,,,False,0,15,False
CL510,Khulna,22.8319,89.55,2017,11,2017-11-01,2017_11,Post_Monsoon,-0.5000000000000004,0.8660254037844384,25.0,,,,,,,,,,,,,,,,,,False,0,15,False
CL515,Paikgacha,22.585,89.3182,2017,11,2017-11-01,2017_11,Post_Monsoon,-0.5000000000000004,0.8660254037844384,11.0,,,,,,,,,,,,,,,,,,False,0,15,False
CL517,Rupsa,22.79,89.59,2017,11,2017-11-01,2017_11,Post_Monsoon,-0.5000000000000004,0.8660254037844384,4.2,,,,,,,,,,,,,,,,,,False,0,15,False
CL503,Chalna,22.6012,89.5195,2017,12,2017-12-01,2017_12,Winter,-2.4492935982947064e-16,1.0,53.0,,,,,,,,,,,,,,,,,,False,0,15,False
CL504,Dumuria,22.8093,89.4145,2017,12,2017-12-01,2017_12,Winter,-2.4492935982947064e-16,1.0,10.0,,,,,,,,,,,,,,,,,,False,0,15,False
CL509,Kapilmuni,22.6887,89.3088,2017,12,2017-12-01,2017_12,Winter,-2.4492935982947064e-16,1.0,39.0,,,,,,,,,,,,,,,,,,False,0,15,False
CL510,Khulna,22.8319,89.55,2017,12,2017-12-01,2017_12,Winter,-2.4492935982947064e-16,1.0,45.0,,,,,,,,,,,,,,,,,,False,0,15,False
CL515,Paikgacha,22.585,89.3182,2017,12,2017-12-01,2017_12,Winter,-2.4492935982947064e-16,1.0,28.0,,,,,,,,,,,,,,,,,,False,0,15,False
CL517,Rupsa,22.79,89.59,2017,12,2017-12-01,2017_12,Winter,-2.4492935982947064e-16,1.0,23.7,,,,,,,,,,,,,,,,,,False,0,15,False
CL503,Chalna,22.6012,89.5195,2018,1,2018-01-01,2018_01,Winter,0.49999999999999994,0.8660254037844387,0.0,,,,,,,,,,,,,,,,,,False,0,15,False
CL504,Dumuria,22.8093,89.4145,2018,1,2018-01-01,2018_01,Winter,0.49999999999999994,0.8660254037844387,0.0,,,,,,,,,,,,,,,,,,False,0,15,False
CL509,Kapilmuni,22.6887,89.3088,2018,1,2018-01-01,2018_01,Winter,0.49999999999999994,0.8660254037844387,0.0,,,,,,,,,,,,,,,,,,False,0,15,False
CL510,Khulna,22.8319,89.55,2018,1,2018-01-01,2018_01,Winter,0.49999999999999994,0.8660254037844387,0.0,,,,,,,,,,,,,,,,,,False,0,15,False
CL515,Paikgacha,22.585,89.3182,2018,1,2018-01-01,2018_01,Winter,0.49999999999999994,0.8660254037844387,0.0,,,,,,,,,,,,,,,,,,False,0,15,False
CL517,Rupsa,22.79,89.59,2018,1,2018-01-01,2018_01,Winter,0.49999999999999994,0.8660254037844387,0.0,,,,,,,,,,,,,,,,,,False,0,15,False
CL503,Chalna,22.6012,89.5195,2018,2,2018-02-01,2018_02,Winter,0.8660254037844386,0.5000000000000001,0.0,,,,,,,,,,,,,,,,,,False,0,15,False
CL504,Dumuria,22.8093,89.4145,2018,2,2018-02-01,2018_02,Winter,0.8660254037844386,0.5000000000000001,0.0,,,,,,,,,,,,,,,,,,False,0,15,False
CL509,Kapilmuni,22.6887,89.3088,2018,2,2018-02-01,2018_02,Winter,0.8660254037844386,0.5000000000000001,0.0,,,,,,,,,,,,,,,,,,False,0,15,False
CL510,Khulna,22.8319,89.55,2018,2,2018-02-01,2018_02,Winter,0.8660254037844386,0.5000000000000001,0.0,,,,,,,,,,,,,,,,,,False,0,15,False
CL515,Paikgacha,22.585,89.3182,2018,2,2018-02-01,2018_02,Winter,0.8660254037844386,0.5000000000000001,0.0,,,,,,,,,,,,,,,,,,False,0,15,False
CL517,Rupsa,22.79,89.59,2018,2,2018-02-01,2018_02,Winter,0.8660254037844386,0.5000000000000001,0.0,,,,,,,,,,,,,,,,,,False,0,15,False
CL503,Chalna,22.6012,89.5195,2018,3,2018-03-01,2018_03,Pre_Monsoon,1.0,6.123233995736766e-17,25.0,,,,,,,,,,,,,,,,,,False,0,15,False
CL504,Dumuria,22.8093,89.4145,2018,3,2018-03-01,2018_03,Pre_Monsoon,1.0,6.123233995736766e-17,0.0,,,,,,,,,,,,,,,,,,False,0,15,False
CL509,Kapilmuni,22.6887,89.3088,2018,3,2018-03-01,2018_03,Pre_Monsoon,1.0,6.123233995736766e-17,0.0,,,,,,,,,,,,,,,,,,False,0,15,False
CL510,Khulna,22.8319,89.55,2018,3,2018-03-01,2018_03,Pre_Monsoon,1.0,6.123233995736766e-17,0.0,,,,,,,,,,,,,,,,,,False,0,15,False
CL515,Paikgacha,22.585,89.3182,2018,3,2018-03-01,2018_03,Pre_Monsoon,1.0,6.123233995736766e-17,8.0,,,,,,,,,,,,,,,,,,False,0,15,False
CL517,Rupsa,22.79,89.59,2018,3,2018-03-01,2018_03,Pre_Monsoon,1.0,6.123233995736766e-17,6.4,,,,,,,,,,,,,,,,,,False,0,15,False
CL503,Chalna,22.6012,89.5195,2018,4,2018-04-01,2018_04,Pre_Monsoon,0.8660254037844387,-0.4999999999999998,157.0,,,,,,,,,,,,,,,,,,False,0,15,False
CL504,Dumuria,22.8093,89.4145,2018,4,2018-04-01,2018_04,Pre_Monsoon,0.8660254037844387,-0.4999999999999998,115.0,,,,,,,,,,,,,,,,,,False,0,15,False
CL509,Kapilmuni,22.6887,89.3088,2018,4,2018-04-01,2018_04,Pre_Monsoon,0.8660254037844387,-0.4999999999999998,58.0,,,,,,,,,,,,,,,,,,False,0,15,False
CL510,Khulna,22.8319,89.55,2018,4,2018-04-01,2018_04,Pre_Monsoon,0.8660254037844387,-0.4999999999999998,135.0,,,,,,,,,,,,,,,,,,False,0,15,False
CL515,Paikgacha,22.585,89.3182,2018,4,2018-04-01,2018_04,Pre_Monsoon,0.8660254037844387,-0.4999999999999998,109.0,,,,,,,,,,,,,,,,,,False,0,15,False
CL517,Rupsa,22.79,89.59,2018,4,2018-04-01,2018_04,Pre_Monsoon,0.8660254037844387,-0.4999999999999998,108.9,,,,,,,,,,,,,,,,,,False,0,15,False
CL503,Chalna,22.6012,89.5195,2018,5,2018-05-01,2018_05,Pre_Monsoon,0.49999999999999994,-0.8660254037844387,149.8,,,,,,,,,,,,,,,,,,False,0,15,False
CL504,Dumuria,22.8093,89.4145,2018,5,2018-05-01,2018_05,Pre_Monsoon,0.49999999999999994,-0.8660254037844387,237.2,,,,,,,,,,,,,,,,,,False,0,15,False
CL509,Kapilmuni,22.6887,89.3088,2018,5,2018-05-01,2018_05,Pre_Monsoon,0.49999999999999994,-0.8660254037844387,162.0,,,,,,,,,,,,,,,,,,False,0,15,False
CL510,Khulna,22.8319,89.55,2018,5,2018-05-01,2018_05,Pre_Monsoon,0.49999999999999994,-0.8660254037844387,220.0,,,,,,,,,,,,,,,,,,False,0,15,False
CL515,Paikgacha,22.585,89.3182,2018,5,2018-05-01,2018_05,Pre_Monsoon,0.49999999999999994,-0.8660254037844387,109.0,,,,,,,,,,,,,,,,,,False,0,15,False
CL517,Rupsa,22.79,89.59,2018,5,2018-05-01,2018_05,Pre_Monsoon,0.49999999999999994,-0.8660254037844387,174.5,,,,,,,,,,,,,,,,,,False,0,15,False
CL503,Chalna,22.6012,89.5195,2018,6,2018-06-01,2018_06,Monsoon,1.2246467991473532e-16,-1.0,416.2,,,,,,,,,,,,,,,,,,False,0,15,False
CL504,Dumuria,22.8093,89.4145,2018,6,2018-06-01,2018_06,Monsoon,1.2246467991473532e-16,-1.0,135.0,,,,,,,,,,,,,,,,,,False,0,15,False
CL509,Kapilmuni,22.6887,89.3088,2018,6,2018-06-01,2018_06,Monsoon,1.2246467991473532e-16,-1.0,220.0,,,,,,,,,,,,,,,,,,False,0,15,False
CL510,Khulna,22.8319,89.55,2018,6,2018-06-01,2018_06,Monsoon,1.2246467991473532e-16,-1.0,240.0,,,,,,,,,,,,,,,,,,False,0,15,False
CL515,Paikgacha,22.585,89.3182,2018,6,2018-06-01,2018_06,Monsoon,1.2246467991473532e-16,-1.0,148.0,,,,,,,,,,,,,,,,,,False,0,15,False
CL517,Rupsa,22.79,89.59,2018,6,2018-06-01,2018_06,Monsoon,1.2246467991473532e-16,-1.0,224.3,,,,,,,,,,,,,,,,,,False,0,15,False
CL503,Chalna,22.6012,89.5195,2018,7,2018-07-01,2018_07,Monsoon,-0.4999999999999997,-0.8660254037844388,716.7,,,,,,,,,,,,,,,,,,False,0,15,False
CL504,Dumuria,22.8093,89.4145,2018,7,2018-07-01,2018_07,Monsoon,-0.4999999999999997,-0.8660254037844388,266.2,,,,,,,,,,,,,,,,,,False,0,15,False
CL509,Kapilmuni,22.6887,89.3088,2018,7,2018-07-01,2018_07,Monsoon,-0.4999999999999997,-0.8660254037844388,569.0,,,,,,,,,,,,,,,,,,False,0,15,False
CL510,Khulna,22.8319,89.55,2018,7,2018-07-01,2018_07,Monsoon,-0.4999999999999997,-0.8660254037844388,267.0,,,,,,,,,,,,,,,,,,False,0,15,False
CL515,Paikgacha,22.585,89.3182,2018,7,2018-07-01,2018_07,Monsoon,-0.4999999999999997,-0.8660254037844388,425.0,,,,,,,,,,,,,,,,,,False,0,15,False
CL517,Rupsa,22.79,89.59,2018,7,2018-07-01,2018_07,Monsoon,-0.4999999999999997,-0.8660254037844388,428.5,,,,,,,,,,,,,,,,,,False,0,15,False
CL503,Chalna,22.6012,89.5195,2018,8,2018-08-01,2018_08,Monsoon,-0.8660254037844385,-0.5000000000000004,583.5,,,,,,,,,,,,,,,,,,False,0,15,False
CL504,Dumuria,22.8093,89.4145,2018,8,2018-08-01,2018_08,Monsoon,-0.8660254037844385,-0.5000000000000004,190.3,,,,,,,,,,,,,,,,,,False,0,15,False
CL509,Kapilmuni,22.6887,89.3088,2018,8,2018-08-01,2018_08,Monsoon,-0.8660254037844385,-0.5000000000000004,143.0,,,,,,,,,,,,,,,,,,False,0,15,False
CL510,Khulna,22.8319,89.55,2018,8,2018-08-01,2018_08,Monsoon,-0.8660254037844385,-0.5000000000000004,78.0,,,,,,,,,,,,,,,,,,False,0,15,False
CL515,Paikgacha,22.585,89.3182,2018,8,2018-08-01,2018_08,Monsoon,-0.8660254037844385,-0.5000000000000004,150.0,,,,,,,,,,,,,,,,,,False,0,15,False
CL517,Rupsa,22.79,89.59,2018,8,2018-08-01,2018_08,Monsoon,-0.8660254037844385,-0.5000000000000004,206.7,,,,,,,,,,,,,,,,,,False,0,15,False
CL503,Chalna,22.6012,89.5195,2018,9,2018-09-01,2018_09,Monsoon,-1.0,-1.8369701987210297e-16,311.0,,,,,,,,,,,,,,,,,,False,0,15,False
CL504,Dumuria,22.8093,89.4145,2018,9,2018-09-01,2018_09,Monsoon,-1.0,-1.8369701987210297e-16,11.3,,,,,,,,,,,,,,,,,,False,0,15,False
CL509,Kapilmuni,22.6887,89.3088,2018,9,2018-09-01,2018_09,Monsoon,-1.0,-1.8369701987210297e-16,148.0,,,,,,,,,,,,,,,,,,False,0,15,False
CL510,Khulna,22.8319,89.55,2018,9,2018-09-01,2018_09,Monsoon,-1.0,-1.8369701987210297e-16,165.0,,,,,,,,,,,,,,,,,,False,0,15,False
CL515,Paikgacha,22.585,89.3182,2018,9,2018-09-01,2018_09,Monsoon,-1.0,-1.8369701987210297e-16,193.0,,,,,,,,,,,,,,,,,,False,0,15,False
CL517,Rupsa,22.79,89.59,2018,9,2018-09-01,2018_09,Monsoon,-1.0,-1.8369701987210297e-16,122.0,,,,,,,,,,,,,,,,,,False,0,15,False
CL503,Chalna,22.6012,89.5195,2018,10,2018-10-01,2018_10,Post_Monsoon,-0.8660254037844386,0.5000000000000001,11.0,,,,,,,,,,,,,,,,,,False,0,15,False
CL504,Dumuria,22.8093,89.4145,2018,10,2018-10-01,2018_10,Post_Monsoon,-0.8660254037844386,0.5000000000000001,13.8,,,,,,,,,,,,,,,,,,False,0,15,False
CL509,Kapilmuni,22.6887,89.3088,2018,10,2018-10-01,2018_10,Post_Monsoon,-0.8660254037844386,0.5000000000000001,90.0,,,,,,,,,,,,,,,,,,False,0,15,False
CL510,Khulna,22.8319,89.55,2018,10,2018-10-01,2018_10,Post_Monsoon,-0.8660254037844386,0.5000000000000001,46.0,,,,,,,,,,,,,,,,,,False,0,15,False
CL515,Paikgacha,22.585,89.3182,2018,10,2018-10-01,2018_10,Post_Monsoon,-0.8660254037844386,0.5000000000000001,91.0,,,,,,,,,,,,,,,,,,False,0,15,False
CL517,Rupsa,22.79,89.59,2018,10,2018-10-01,2018_10,Post_Monsoon,-0.8660254037844386,0.5000000000000001,42.4,,,,,,,,,,,,,,,,,,False,0,15,False
CL503,Chalna,22.6012,89.5195,2018,11,2018-11-01,2018_11,Post_Monsoon,-0.5000000000000004,0.8660254037844384,0.0,,,,,,,,,,,,,,,,,,False,0,15,False
CL504,Dumuria,22.8093,89.4145,2018,11,2018-11-01,2018_11,Post_Monsoon,-0.5000000000000004,0.8660254037844384,0.0,,,,,,,,,,,,,,,,,,False,0,15,False
CL509,Kapilmuni,22.6887,89.3088,2018,11,2018-11-01,2018_11,Post_Monsoon,-0.5000000000000004,0.8660254037844384,0.0,,,,,,,,,,,,,,,,,,False,0,15,False
CL510,Khulna,22.8319,89.55,2018,11,2018-11-01,2018_11,Post_Monsoon,-0.5000000000000004,0.8660254037844384,0.0,,,,,,,,,,,,,,,,,,False,0,15,False
CL515,Paikgacha,22.585,89.3182,2018,11,2018-11-01,2018_11,Post_Monsoon,-0.5000000000000004,0.8660254037844384,0.0,,,,,,,,,,,,,,,,,,False,0,15,False
CL517,Rupsa,22.79,89.59,2018,11,2018-11-01,2018_11,Post_Monsoon,-0.5000000000000004,0.8660254037844384,0.0,,,,,,,,,,,,,,,,,,False,0,15,False
CL503,Chalna,22.6012,89.5195,2018,12,2018-12-01,2018_12,Winter,-2.4492935982947064e-16,1.0,0.0,,,,,,,,,,,,,,,,,,False,0,15,False
CL504,Dumuria,22.8093,89.4145,2018,12,2018-12-01,2018_12,Winter,-2.4492935982947064e-16,1.0,0.0,,,,,,,,,,,,,,,,,,False,0,15,False
CL509,Kapilmuni,22.6887,89.3088,2018,12,2018-12-01,2018_12,Winter,-2.4492935982947064e-16,1.0,0.0,,,,,,,,,,,,,,,,,,False,0,15,False
CL510,Khulna,22.8319,89.55,2018,12,2018-12-01,2018_12,Winter,-2.4492935982947064e-16,1.0,0.0,,,,,,,,,,,,,,,,,,False,0,15,False
CL515,Paikgacha,22.585,89.3182,2018,12,2018-12-01,2018_12,Winter,-2.4492935982947064e-16,1.0,0.0,,,,,,,,,,,,,,,,,,False,0,15,False
CL517,Rupsa,22.79,89.59,2018,12,2018-12-01,2018_12,Winter,-2.4492935982947064e-16,1.0,0.0,,,,,,,,,,,,,,,,,,False,0,15,False
CL503,Chalna,22.6012,89.5195,2019,1,2019-01-01,2019_01,Winter,0.49999999999999994,0.8660254037844387,0.0,,,,,,,,,,,,,,,,,,False,0,15,False
CL504,Dumuria,22.8093,89.4145,2019,1,2019-01-01,2019_01,Winter,0.49999999999999994,0.8660254037844387,0.0,,,,,,,,,,,,,,,,,,False,0,15,False
CL509,Kapilmuni,22.6887,89.3088,2019,1,2019-01-01,2019_01,Winter,0.49999999999999994,0.8660254037844387,0.0,,,,,,,,,,,,,,,,,,False,0,15,False
CL510,Khulna,22.8319,89.55,2019,1,2019-01-01,2019_01,Winter,0.49999999999999994,0.8660254037844387,0.0,,,,,,,,,,,,,,,,,,False,0,15,False
CL515,Paikgacha,22.585,89.3182,2019,1,2019-01-01,2019_01,Winter,0.49999999999999994,0.8660254037844387,0.0,,,,,,,,,,,,,,,,,,False,0,15,False
CL517,Rupsa,22.79,89.59,2019,1,2019-01-01,2019_01,Winter,0.49999999999999994,0.8660254037844387,0.0,,,,,,,,,,,,,,,,,,False,0,15,False
CL503,Chalna,22.6012,89.5195,2019,2,2019-02-01,2019_02,Winter,0.8660254037844386,0.5000000000000001,40.5,,,,,,,,,,,,,,,,,,False,0,15,False
CL504,Dumuria,22.8093,89.4145,2019,2,2019-02-01,2019_02,Winter,0.8660254037844386,0.5000000000000001,152.0,,,,,,,,,,,,,,,,,,False,0,15,False
CL509,Kapilmuni,22.6887,89.3088,2019,2,2019-02-01,2019_02,Winter,0.8660254037844386,0.5000000000000001,185.0,,,,,,,,,,,,,,,,,,False,0,15,False
CL510,Khulna,22.8319,89.55,2019,2,2019-02-01,2019_02,Winter,0.8660254037844386,0.5000000000000001,170.0,,,,,,,,,,,,,,,,,,False,0,15,False
CL515,Paikgacha,22.585,89.3182,2019,2,2019-02-01,2019_02,Winter,0.8660254037844386,0.5000000000000001,128.0,,,,,,,,,,,,,,,,,,False,0,15,False
CL517,Rupsa,22.79,89.59,2019,2,2019-02-01,2019_02,Winter,0.8660254037844386,0.5000000000000001,130.0,,,,,,,,,,,,,,,,,,False,0,15,False
CL503,Chalna,22.6012,89.5195,2019,3,2019-03-01,2019_03,Pre_Monsoon,1.0,6.123233995736766e-17,139.0,,,,,,,,,,,,,,,,,,False,0,15,False
CL504,Dumuria,22.8093,89.4145,2019,3,2019-03-01,2019_03,Pre_Monsoon,1.0,6.123233995736766e-17,45.0,,,,,,,,,,,,,,,,,,False,0,15,False
CL509,Kapilmuni,22.6887,89.3088,2019,3,2019-03-01,2019_03,Pre_Monsoon,1.0,6.123233995736766e-17,47.7,,,,,,,,,,,,,,,,,,False,0,15,False
CL510,Khulna,22.8319,89.55,2019,3,2019-03-01,2019_03,Pre_Monsoon,1.0,6.123233995736766e-17,70.3,,,,,,,,,,,,,,,,,,False,0,15,False
CL515,Paikgacha,22.585,89.3182,2019,3,2019-03-01,2019_03,Pre_Monsoon,1.0,6.123233995736766e-17,65.0,,,,,,,,,,,,,,,,,,False,0,15,False
CL517,Rupsa,22.79,89.59,2019,3,2019-03-01,2019_03,Pre_Monsoon,1.0,6.123233995736766e-17,71.6,,,,,,,,,,,,,,,,,,False,0,15,False
CL503,Chalna,22.6012,89.5195,2019,4,2019-04-01,2019_04,Pre_Monsoon,0.8660254037844387,-0.4999999999999998,30.0,,,,,,,,,,,,,,,,,,False,0,15,False
CL504,Dumuria,22.8093,89.4145,2019,4,2019-04-01,2019_04,Pre_Monsoon,0.8660254037844387,-0.4999999999999998,14.9,,,,,,,,,,,,,,,,,,False,0,15,False
CL509,Kapilmuni,22.6887,89.3088,2019,4,2019-04-01,2019_04,Pre_Monsoon,0.8660254037844387,-0.4999999999999998,63.0,,,,,,,,,,,,,,,,,,False,0,15,False
CL510,Khulna,22.8319,89.55,2019,4,2019-04-01,2019_04,Pre_Monsoon,0.8660254037844387,-0.4999999999999998,61.0,,,,,,,,,,,,,,,,,,False,0,15,False
CL515,Paikgacha,22.585,89.3182,2019,4,2019-04-01,2019_04,Pre_Monsoon,0.8660254037844387,-0.4999999999999998,75.0,,,,,,,,,,,,,,,,,,False,0,15,False
CL517,Rupsa,22.79,89.59,2019,4,2019-04-01,2019_04,Pre_Monsoon,0.8660254037844387,-0.4999999999999998,46.3,,,,,,,,,,,,,,,,,,False,0,15,False
CL503,Chalna,22.6012,89.5195,2019,5,2019-05-01,2019_05,Pre_Monsoon,0.49999999999999994,-0.8660254037844387,115.0,,,,,,,,,,,,,,,,,,False,0,15,False
CL504,Dumuria,22.8093,89.4145,2019,5,2019-05-01,2019_05,Pre_Monsoon,0.49999999999999994,-0.8660254037844387,104.2,,,,,,,,,,,,,,,,,,False,0,15,False
CL509,Kapilmuni,22.6887,89.3088,2019,5,2019-05-01,2019_05,Pre_Monsoon,0.49999999999999994,-0.8660254037844387,168.0,,,,,,,,,,,,,,,,,,False,0,15,False
CL510,Khulna,22.8319,89.55,2019,5,2019-05-01,2019_05,Pre_Monsoon,0.49999999999999994,-0.8660254037844387,79.0,,,,,,,,,,,,,,,,,,False,0,15,False
CL515,Paikgacha,22.585,89.3182,2019,5,2019-05-01,2019_05,Pre_Monsoon,0.49999999999999994,-0.8660254037844387,87.0,,,,,,,,,,,,,,,,,,False,0,15,False
CL517,Rupsa,22.79,89.59,2019,5,2019-05-01,2019_05,Pre_Monsoon,0.49999999999999994,-0.8660254037844387,109.9,,,,,,,,,,,,,,,,,,False,0,15,False
CL503,Chalna,22.6012,89.5195,2019,6,2019-06-01,2019_06,Monsoon,1.2246467991473532e-16,-1.0,275.0,,,,,,,,,,,,,,,,,,False,0,15,False
CL504,Dumuria,22.8093,89.4145,2019,6,2019-06-01,2019_06,Monsoon,1.2246467991473532e-16,-1.0,51.1,,,,,,,,,,,,,,,,,,False,0,15,False
CL509,Kapilmuni,22.6887,89.3088,2019,6,2019-06-01,2019_06,Monsoon,1.2246467991473532e-16,-1.0,163.0,,,,,,,,,,,,,,,,,,False,0,15,False
CL510,Khulna,22.8319,89.55,2019,6,2019-06-01,2019_06,Monsoon,1.2246467991473532e-16,-1.0,168.0,,,,,,,,,,,,,,,,,,False,0,15,False
CL515,Paikgacha,22.585,89.3182,2019,6,2019-06-01,2019_06,Monsoon,1.2246467991473532e-16,-1.0,139.0,,,,,,,,,,,,,,,,,,False,0,15,False
CL517,Rupsa,22.79,89.59,2019,6,2019-06-01,2019_06,Monsoon,1.2246467991473532e-16,-1.0,154.1,,,,,,,,,,,,,,,,,,False,0,15,False
CL503,Chalna,22.6012,89.5195,2019,7,2019-07-01,2019_07,Monsoon,-0.4999999999999997,-0.8660254037844388,468.5,,,,,,,,,,,,,,,,,,False,0,15,False
CL504,Dumuria,22.8093,89.4145,2019,7,2019-07-01,2019_07,Monsoon,-0.4999999999999997,-0.8660254037844388,359.5,,,,,,,,,,,,,,,,,,False,0,15,False
CL509,Kapilmuni,22.6887,89.3088,2019,7,2019-07-01,2019_07,Monsoon,-0.4999999999999997,-0.8660254037844388,259.0,,,,,,,,,,,,,,,,,,False,0,15,False
CL510,Khulna,22.8319,89.55,2019,7,2019-07-01,2019_07,Monsoon,-0.4999999999999997,-0.8660254037844388,287.0,,,,,,,,,,,,,,,,,,False,0,15,False
CL515,Paikgacha,22.585,89.3182,2019,7,2019-07-01,2019_07,Monsoon,-0.4999999999999997,-0.8660254037844388,360.0,,,,,,,,,,,,,,,,,,False,0,15,False
CL517,Rupsa,22.79,89.59,2019,7,2019-07-01,2019_07,Monsoon,-0.4999999999999997,-0.8660254037844388,331.1,,,,,,,,,,,,,,,,,,False,0,15,False
CL503,Chalna,22.6012,89.5195,2019,8,2019-08-01,2019_08,Monsoon,-0.8660254037844385,-0.5000000000000004,365.0,,,,,,,,,,,,,,,,,,False,0,15,False
CL504,Dumuria,22.8093,89.4145,2019,8,2019-08-01,2019_08,Monsoon,-0.8660254037844385,-0.5000000000000004,539.4,,,,,,,,,,,,,,,,,,False,0,15,False
CL509,Kapilmuni,22.6887,89.3088,2019,8,2019-08-01,2019_08,Monsoon,-0.8660254037844385,-0.5000000000000004,480.5,,,,,,,,,,,,,,,,,,False,0,15,False
CL510,Khulna,22.8319,89.55,2019,8,2019-08-01,2019_08,Monsoon,-0.8660254037844385,-0.5000000000000004,508.0,,,,,,,,,,,,,,,,,,False,0,15,False
CL515,Paikgacha,22.585,89.3182,2019,8,2019-08-01,2019_08,Monsoon,-0.8660254037844385,-0.5000000000000004,442.0,,,,,,,,,,,,,,,,,,False,0,15,False
CL517,Rupsa,22.79,89.59,2019,8,2019-08-01,2019_08,Monsoon,-0.8660254037844385,-0.5000000000000004,421.6,,,,,,,,,,,,,,,,,,False,0,15,False
CL503,Chalna,22.6012,89.5195,2019,9,2019-09-01,2019_09,Monsoon,-1.0,-1.8369701987210297e-16,130.0,,,,,,,,,,,,,,,,,,False,0,15,False
CL504,Dumuria,22.8093,89.4145,2019,9,2019-09-01,2019_09,Monsoon,-1.0,-1.8369701987210297e-16,75.7,,,,,,,,,,,,,,,,,,False,0,15,False
CL509,Kapilmuni,22.6887,89.3088,2019,9,2019-09-01,2019_09,Monsoon,-1.0,-1.8369701987210297e-16,292.0,,,,,,,,,,,,,,,,,,False,0,15,False
CL510,Khulna,22.8319,89.55,2019,9,2019-09-01,2019_09,Monsoon,-1.0,-1.8369701987210297e-16,238.0,,,,,,,,,,,,,,,,,,False,0,15,False
CL515,Paikgacha,22.585,89.3182,2019,9,2019-09-01,2019_09,Monsoon,-1.0,-1.8369701987210297e-16,208.0,,,,,,,,,,,,,,,,,,False,0,15,False
CL517,Rupsa,22.79,89.59,2019,9,2019-09-01,2019_09,Monsoon,-1.0,-1.8369701987210297e-16,139.0,,,,,,,,,,,,,,,,,,False,0,15,False
CL503,Chalna,22.6012,89.5195,2019,10,2019-10-01,2019_10,Post_Monsoon,-0.8660254037844386,0.5000000000000001,503.3,,,,,,,,,,,,,,,,,,False,0,15,False
CL504,Dumuria,22.8093,89.4145,2019,10,2019-10-01,2019_10,Post_Monsoon,-0.8660254037844386,0.5000000000000001,332.6,,,,,,,,,,,,,,,,,,False,0,15,False
CL509,Kapilmuni,22.6887,89.3088,2019,10,2019-10-01,2019_10,Post_Monsoon,-0.8660254037844386,0.5000000000000001,301.5,,,,,,,,,,,,,,,,,,False,0,15,False
CL510,Khulna,22.8319,89.55,2019,10,2019-10-01,2019_10,Post_Monsoon,-0.8660254037844386,0.5000000000000001,318.2,,,,,,,,,,,,,,,,,,False,0,15,False
CL515,Paikgacha,22.585,89.3182,2019,10,2019-10-01,2019_10,Post_Monsoon,-0.8660254037844386,0.5000000000000001,229.1,,,,,,,,,,,,,,,,,,False,0,15,False
CL517,Rupsa,22.79,89.59,2019,10,2019-10-01,2019_10,Post_Monsoon,-0.8660254037844386,0.5000000000000001,161.9,,,,,,,,,,,,,,,,,,False,0,15,False
CL503,Chalna,22.6012,89.5195,2019,11,2019-11-01,2019_11,Post_Monsoon,-0.5000000000000004,0.8660254037844384,180.1,,,,,,,,,,,,,,,,,,False,0,15,False
CL504,Dumuria,22.8093,89.4145,2019,11,2019-11-01,2019_11,Post_Monsoon,-0.5000000000000004,0.8660254037844384,93.7,,,,,,,,,,,,,,,,,,False,0,15,False
CL509,Kapilmuni,22.6887,89.3088,2019,11,2019-11-01,2019_11,Post_Monsoon,-0.5000000000000004,0.8660254037844384,51.4,,,,,,,,,,,,,,,,,,False,0,15,False
CL510,Khulna,22.8319,89.55,2019,11,2019-11-01,2019_11,Post_Monsoon,-0.5000000000000004,0.8660254037844384,117.0,,,,,,,,,,,,,,,,,,False,0,15,False
CL515,Paikgacha,22.585,89.3182,2019,11,2019-11-01,2019_11,Post_Monsoon,-0.5000000000000004,0.8660254037844384,113.8,,,,,,,,,,,,,,,,,,False,0,15,False
CL517,Rupsa,22.79,89.59,2019,11,2019-11-01,2019_11,Post_Monsoon,-0.5000000000000004,0.8660254037844384,22.9,,,,,,,,,,,,,,,,,,False,0,15,False
CL503,Chalna,22.6012,89.5195,2019,12,2019-12-01,2019_12,Winter,-2.4492935982947064e-16,1.0,38.0,,,,,,,,,,,,,,,,,,False,0,15,False
CL504,Dumuria,22.8093,89.4145,2019,12,2019-12-01,2019_12,Winter,-2.4492935982947064e-16,1.0,32.9,,,,,,,,,,,,,,,,,,False,0,15,False
CL509,Kapilmuni,22.6887,89.3088,2019,12,2019-12-01,2019_12,Winter,-2.4492935982947064e-16,1.0,16.0,,,,,,,,,,,,,,,,,,False,0,15,False
CL510,Khulna,22.8319,89.55,2019,12,2019-12-01,2019_12,Winter,-2.4492935982947064e-16,1.0,46.5,,,,,,,,,,,,,,,,,,False,0,15,False
CL515,Paikgacha,22.585,89.3182,2019,12,2019-12-01,2019_12,Winter,-2.4492935982947064e-16,1.0,45.5,,,,,,,,,,,,,,,,,,False,0,15,False
CL517,Rupsa,22.79,89.59,2019,12,2019-12-01,2019_12,Winter,-2.4492935982947064e-16,1.0,1.5,,,,,,,,,,,,,,,,,,False,0,15,False
CL503,Chalna,22.6012,89.5195,2020,1,2020-01-01,2020_01,Winter,0.49999999999999994,0.8660254037844387,0.0,,,,,,,,,,,,,,,,,,False,0,15,False
CL504,Dumuria,22.8093,89.4145,2020,1,2020-01-01,2020_01,Winter,0.49999999999999994,0.8660254037844387,0.0,,,,,,,,,,,,,,,,,,False,0,15,False
CL509,Kapilmuni,22.6887,89.3088,2020,1,2020-01-01,2020_01,Winter,0.49999999999999994,0.8660254037844387,0.0,,,,,,,,,,,,,,,,,,False,0,15,False
CL510,Khulna,22.8319,89.55,2020,1,2020-01-01,2020_01,Winter,0.49999999999999994,0.8660254037844387,0.0,,,,,,,,,,,,,,,,,,False,0,15,False
CL515,Paikgacha,22.585,89.3182,2020,1,2020-01-01,2020_01,Winter,0.49999999999999994,0.8660254037844387,0.0,,,,,,,,,,,,,,,,,,False,0,15,False
CL517,Rupsa,22.79,89.59,2020,1,2020-01-01,2020_01,Winter,0.49999999999999994,0.8660254037844387,0.0,,,,,,,,,,,,,,,,,,False,0,15,False
CL503,Chalna,22.6012,89.5195,2020,2,2020-02-01,2020_02,Winter,0.8660254037844386,0.5000000000000001,16.5,,,,,,,,,,,,,,,,,,False,0,15,False
CL504,Dumuria,22.8093,89.4145,2020,2,2020-02-01,2020_02,Winter,0.8660254037844386,0.5000000000000001,62.1,,,,,,,,,,,,,,,,,,False,0,15,False
CL509,Kapilmuni,22.6887,89.3088,2020,2,2020-02-01,2020_02,Winter,0.8660254037844386,0.5000000000000001,75.5,,,,,,,,,,,,,,,,,,False,0,15,False
CL510,Khulna,22.8319,89.55,2020,2,2020-02-01,2020_02,Winter,0.8660254037844386,0.5000000000000001,69.4,,,,,,,,,,,,,,,,,,False,0,15,False
CL515,Paikgacha,22.585,89.3182,2020,2,2020-02-01,2020_02,Winter,0.8660254037844386,0.5000000000000001,52.3,,,,,,,,,,,,,,,,,,False,0,15,False
CL517,Rupsa,22.79,89.59,2020,2,2020-02-01,2020_02,Winter,0.8660254037844386,0.5000000000000001,53.1,,,,,,,,,,,,,,,,,,False,0,15,False
CL503,Chalna,22.6012,89.5195,2020,3,2020-03-01,2020_03,Pre_Monsoon,1.0,6.123233995736766e-17,154.2,,,,,,,,,,,,,,,,,,False,0,15,False
CL504,Dumuria,22.8093,89.4145,2020,3,2020-03-01,2020_03,Pre_Monsoon,1.0,6.123233995736766e-17,30.1,,,,,,,,,,,,,,,,,,False,0,15,False
CL509,Kapilmuni,22.6887,89.3088,2020,3,2020-03-01,2020_03,Pre_Monsoon,1.0,6.123233995736766e-17,44.5,,,,,,,,,,,,,,,,,,False,0,15,False
CL510,Khulna,22.8319,89.55,2020,3,2020-03-01,2020_03,Pre_Monsoon,1.0,6.123233995736766e-17,49.9,,,,,,,,,,,,,,,,,,False,0,15,False
CL515,Paikgacha,22.585,89.3182,2020,3,2020-03-01,2020_03,Pre_Monsoon,1.0,6.123233995736766e-17,47.8,,,,,,,,,,,,,,,,,,False,0,15,False
CL517,Rupsa,22.79,89.59,2020,3,2020-03-01,2020_03,Pre_Monsoon,1.0,6.123233995736766e-17,63.7,,,,,,,,,,,,,,,,,,False,0,15,False
CL503,Chalna,22.6012,89.5195,2020,4,2020-04-01,2020_04,Pre_Monsoon,0.8660254037844387,-0.4999999999999998,134.3,,,,,,,,,,,,,,,,,,False,0,15,False
CL504,Dumuria,22.8093,89.4145,2020,4,2020-04-01,2020_04,Pre_Monsoon,0.8660254037844387,-0.4999999999999998,83.8,,,,,,,,,,,,,,,,,,False,0,15,False
CL509,Kapilmuni,22.6887,89.3088,2020,4,2020-04-01,2020_04,Pre_Monsoon,0.8660254037844387,-0.4999999999999998,51.3,,,,,,,,,,,,,,,,,,False,0,15,False
CL510,Khulna,22.8319,89.55,2020,4,2020-04-01,2020_04,Pre_Monsoon,0.8660254037844387,-0.4999999999999998,97.3,,,,,,,,,,,,,,,,,,False,0,15,False
CL515,Paikgacha,22.585,89.3182,2020,4,2020-04-01,2020_04,Pre_Monsoon,0.8660254037844387,-0.4999999999999998,117.9,,,,,,,,,,,,,,,,,,False,0,15,False
CL517,Rupsa,22.79,89.59,2020,4,2020-04-01,2020_04,Pre_Monsoon,0.8660254037844387,-0.4999999999999998,91.9,,,,,,,,,,,,,,,,,,False,0,15,False
CL503,Chalna,22.6012,89.5195,2020,5,2020-05-01,2020_05,Pre_Monsoon,0.49999999999999994,-0.8660254037844387,299.2,,,,,,,,,,,,,,,,,,False,0,15,False
CL504,Dumuria,22.8093,89.4145,2020,5,2020-05-01,2020_05,Pre_Monsoon,0.49999999999999994,-0.8660254037844387,123.4,,,,,,,,,,,,,,,,,,False,0,15,False
CL509,Kapilmuni,22.6887,89.3088,2020,5,2020-05-01,2020_05,Pre_Monsoon,0.49999999999999994,-0.8660254037844387,140.4,,,,,,,,,,,,,,,,,,False,0,15,False
CL510,Khulna,22.8319,89.55,2020,5,2020-05-01,2020_05,Pre_Monsoon,0.49999999999999994,-0.8660254037844387,166.0,,,,,,,,,,,,,,,,,,False,0,15,False
CL515,Paikgacha,22.585,89.3182,2020,5,2020-05-01,2020_05,Pre_Monsoon,0.49999999999999994,-0.8660254037844387,122.0,,,,,,,,,,,,,,,,,,False,0,15,False
CL517,Rupsa,22.79,89.59,2020,5,2020-05-01,2020_05,Pre_Monsoon,0.49999999999999994,-0.8660254037844387,169.1,,,,,,,,,,,,,,,,,,False,0,15,False
CL503,Chalna,22.6012,89.5195,2020,6,2020-06-01,2020_06,Monsoon,1.2246467991473532e-16,-1.0,306.0,,,,,,,,,,,,,,,,,,False,0,15,False
CL504,Dumuria,22.8093,89.4145,2020,6,2020-06-01,2020_06,Monsoon,1.2246467991473532e-16,-1.0,95.4,,,,,,,,,,,,,,,,,,False,0,15,False
CL509,Kapilmuni,22.6887,89.3088,2020,6,2020-06-01,2020_06,Monsoon,1.2246467991473532e-16,-1.0,218.4,,,,,,,,,,,,,,,,,,False,0,15,False
CL510,Khulna,22.8319,89.55,2020,6,2020-06-01,2020_06,Monsoon,1.2246467991473532e-16,-1.0,266.4,,,,,,,,,,,,,,,,,,False,0,15,False
CL515,Paikgacha,22.585,89.3182,2020,6,2020-06-01,2020_06,Monsoon,1.2246467991473532e-16,-1.0,267.3,,,,,,,,,,,,,,,,,,False,0,15,False
CL517,Rupsa,22.79,89.59,2020,6,2020-06-01,2020_06,Monsoon,1.2246467991473532e-16,-1.0,223.2,,,,,,,,,,,,,,,,,,False,0,15,False
CL503,Chalna,22.6012,89.5195,2020,7,2020-07-01,2020_07,Monsoon,-0.4999999999999997,-0.8660254037844388,540.4,,,,,,,,,,,,,,,,,,False,0,15,False
CL504,Dumuria,22.8093,89.4145,2020,7,2020-07-01,2020_07,Monsoon,-0.4999999999999997,-0.8660254037844388,400.1,,,,,,,,,,,,,,,,,,False,0,15,False
CL509,Kapilmuni,22.6887,89.3088,2020,7,2020-07-01,2020_07,Monsoon,-0.4999999999999997,-0.8660254037844388,452.0,,,,,,,,,,,,,,,,,,False,0,15,False
CL510,Khulna,22.8319,89.55,2020,7,2020-07-01,2020_07,Monsoon,-0.4999999999999997,-0.8660254037844388,392.2,,,,,,,,,,,,,,,,,,False,0,15,False
CL515,Paikgacha,22.585,89.3182,2020,7,2020-07-01,2020_07,Monsoon,-0.4999999999999997,-0.8660254037844388,466.1,,,,,,,,,,,,,,,,,,False,0,15,False
CL517,Rupsa,22.79,89.59,2020,7,2020-07-01,2020_07,Monsoon,-0.4999999999999997,-0.8660254037844388,429.8,,,,,,,,,,,,,,,,,,False,0,15,False
CL503,Chalna,22.6012,89.5195,2020,8,2020-08-01,2020_08,Monsoon,-0.8660254037844385,-0.5000000000000004,404.7,,,,,,,,,,,,,,,,,,False,0,15,False
CL504,Dumuria,22.8093,89.4145,2020,8,2020-08-01,2020_08,Monsoon,-0.8660254037844385,-0.5000000000000004,326.4,,,,,,,,,,,,,,,,,,False,0,15,False
CL509,Kapilmuni,22.6887,89.3088,2020,8,2020-08-01,2020_08,Monsoon,-0.8660254037844385,-0.5000000000000004,297.9,,,,,,,,,,,,,,,,,,False,0,15,False
CL510,Khulna,22.8319,89.55,2020,8,2020-08-01,2020_08,Monsoon,-0.8660254037844385,-0.5000000000000004,349.6,,,,,,,,,,,,,,,,,,False,0,15,False
CL515,Paikgacha,22.585,89.3182,2020,8,2020-08-01,2020_08,Monsoon,-0.8660254037844385,-0.5000000000000004,297.5,,,,,,,,,,,,,,,,,,False,0,15,False
CL517,Rupsa,22.79,89.59,2020,8,2020-08-01,2020_08,Monsoon,-0.8660254037844385,-0.5000000000000004,302.9,,,,,,,,,,,,,,,,,,False,0,15,False
CL503,Chalna,22.6012,89.5195,2020,9,2020-09-01,2020_09,Monsoon,-1.0,-1.8369701987210297e-16,198.4,,,,,,,,,,,,,,,,,,False,0,15,False
CL504,Dumuria,22.8093,89.4145,2020,9,2020-09-01,2020_09,Monsoon,-1.0,-1.8369701987210297e-16,84.7,,,,,,,,,,,,,,,,,,False,0,15,False
CL509,Kapilmuni,22.6887,89.3088,2020,9,2020-09-01,2020_09,Monsoon,-1.0,-1.8369701987210297e-16,192.6,,,,,,,,,,,,,,,,,,False,0,15,False
CL510,Khulna,22.8319,89.55,2020,9,2020-09-01,2020_09,Monsoon,-1.0,-1.8369701987210297e-16,207.2,,,,,,,,,,,,,,,,,,False,0,15,False
CL515,Paikgacha,22.585,89.3182,2020,9,2020-09-01,2020_09,Monsoon,-1.0,-1.8369701987210297e-16,250.8,,,,,,,,,,,,,,,,,,False,0,15,False
CL517,Rupsa,22.79,89.59,2020,9,2020-09-01,2020_09,Monsoon,-1.0,-1.8369701987210297e-16,137.5,,,,,,,,,,,,,,,,,,False,0,15,False
CL503,Chalna,22.6012,89.5195,2020,10,2020-10-01,2020_10,Post_Monsoon,-0.8660254037844386,0.5000000000000001,361.0,,,,,,,,,,,,,,,,,,False,0,15,False
CL504,Dumuria,22.8093,89.4145,2020,10,2020-10-01,2020_10,Post_Monsoon,-0.8660254037844386,0.5000000000000001,322.4,,,,,,,,,,,,,,,,,,False,0,15,False
CL509,Kapilmuni,22.6887,89.3088,2020,10,2020-10-01,2020_10,Post_Monsoon,-0.8660254037844386,0.5000000000000001,289.5,,,,,,,,,,,,,,,,,,False,0,15,False
CL510,Khulna,22.8319,89.55,2020,10,2020-10-01,2020_10,Post_Monsoon,-0.8660254037844386,0.5000000000000001,229.2,,,,,,,,,,,,,,,,,,False,0,15,False
CL515,Paikgacha,22.585,89.3182,2020,10,2020-10-01,2020_10,Post_Monsoon,-0.8660254037844386,0.5000000000000001,238.1,,,,,,,,,,,,,,,,,,False,0,15,False
CL517,Rupsa,22.79,89.59,2020,10,2020-10-01,2020_10,Post_Monsoon,-0.8660254037844386,0.5000000000000001,192.7,,,,,,,,,,,,,,,,,,False,0,15,False
CL503,Chalna,22.6012,89.5195,2020,11,2020-11-01,2020_11,Post_Monsoon,-0.5000000000000004,0.8660254037844384,73.5,,,,,,,,,,,,,,,,,,False,0,15,False
CL504,Dumuria,22.8093,89.4145,2020,11,2020-11-01,2020_11,Post_Monsoon,-0.5000000000000004,0.8660254037844384,38.2,,,,,,,,,,,,,,,,,,False,0,15,False
CL509,Kapilmuni,22.6887,89.3088,2020,11,2020-11-01,2020_11,Post_Monsoon,-0.5000000000000004,0.8660254037844384,21.0,,,,,,,,,,,,,,,,,,False,0,15,False
CL510,Khulna,22.8319,89.55,2020,11,2020-11-01,2020_11,Post_Monsoon,-0.5000000000000004,0.8660254037844384,54.2,,,,,,,,,,,,,,,,,,False,0,15,False
CL515,Paikgacha,22.585,89.3182,2020,11,2020-11-01,2020_11,Post_Monsoon,-0.5000000000000004,0.8660254037844384,49.3,,,,,,,,,,,,,,,,,,False,0,15,False
CL517,Rupsa,22.79,89.59,2020,11,2020-11-01,2020_11,Post_Monsoon,-0.5000000000000004,0.8660254037844384,10.4,,,,,,,,,,,,,,,,,,False,0,15,False
CL503,Chalna,22.6012,89.5195,2020,12,2020-12-01,2020_12,Winter,-2.4492935982947064e-16,1.0,29.2,,,,,,,,,,,,,,,,,,False,0,15,False
CL504,Dumuria,22.8093,89.4145,2020,12,2020-12-01,2020_12,Winter,-2.4492935982947064e-16,1.0,16.0,,,,,,,,,,,,,,,,,,False,0,15,False
CL509,Kapilmuni,22.6887,89.3088,2020,12,2020-12-01,2020_12,Winter,-2.4492935982947064e-16,1.0,16.6,,,,,,,,,,,,,,,,,,False,0,15,False
CL510,Khulna,22.8319,89.55,2020,12,2020-12-01,2020_12,Winter,-2.4492935982947064e-16,1.0,30.6,,,,,,,,,,,,,,,,,,False,0,15,False
CL515,Paikgacha,22.585,89.3182,2020,12,2020-12-01,2020_12,Winter,-2.4492935982947064e-16,1.0,25.8,,,,,,,,,,,,,,,,,,False,0,15,False
CL517,Rupsa,22.79,89.59,2020,12,2020-12-01,2020_12,Winter,-2.4492935982947064e-16,1.0,6.7,,,,,,,,,,,,,,,,,,False,0,15,False
CL503,Chalna,22.6012,89.5195,2021,1,2021-01-01,2021_01,Winter,0.49999999999999994,0.8660254037844387,0.0,,,,,,,,,,,,,,,,,,False,0,15,False
CL504,Dumuria,22.8093,89.4145,2021,1,2021-01-01,2021_01,Winter,0.49999999999999994,0.8660254037844387,0.0,,,,,,,,,,,,,,,,,,False,0,15,False
CL509,Kapilmuni,22.6887,89.3088,2021,1,2021-01-01,2021_01,Winter,0.49999999999999994,0.8660254037844387,0.0,,,,,,,,,,,,,,,,,,False,0,15,False
CL510,Khulna,22.8319,89.55,2021,1,2021-01-01,2021_01,Winter,0.49999999999999994,0.8660254037844387,0.0,,,,,,,,,,,,,,,,,,False,0,15,False
CL515,Paikgacha,22.585,89.3182,2021,1,2021-01-01,2021_01,Winter,0.49999999999999994,0.8660254037844387,0.0,,,,,,,,,,,,,,,,,,False,0,15,False
CL517,Rupsa,22.79,89.59,2021,1,2021-01-01,2021_01,Winter,0.49999999999999994,0.8660254037844387,0.0,,,,,,,,,,,,,,,,,,False,0,15,False
CL503,Chalna,22.6012,89.5195,2021,2,2021-02-01,2021_02,Winter,0.8660254037844386,0.5000000000000001,19.6,,,,,,,,,,,,,,,,,,False,0,15,False
CL504,Dumuria,22.8093,89.4145,2021,2,2021-02-01,2021_02,Winter,0.8660254037844386,0.5000000000000001,73.5,,,,,,,,,,,,,,,,,,False,0,15,False
CL509,Kapilmuni,22.6887,89.3088,2021,2,2021-02-01,2021_02,Winter,0.8660254037844386,0.5000000000000001,89.4,,,,,,,,,,,,,,,,,,False,0,15,False
CL510,Khulna,22.8319,89.55,2021,2,2021-02-01,2021_02,Winter,0.8660254037844386,0.5000000000000001,82.2,,,,,,,,,,,,,,,,,,False,0,15,False
CL515,Paikgacha,22.585,89.3182,2021,2,2021-02-01,2021_02,Winter,0.8660254037844386,0.5000000000000001,61.9,,,,,,,,,,,,,,,,,,False,0,15,False
CL517,Rupsa,22.79,89.59,2021,2,2021-02-01,2021_02,Winter,0.8660254037844386,0.5000000000000001,62.8,,,,,,,,,,,,,,,,,,False,0,15,False
CL503,Chalna,22.6012,89.5195,2021,3,2021-03-01,2021_03,Pre_Monsoon,1.0,6.123233995736766e-17,138.8,,,,,,,,,,,,,,,,,,False,0,15,False
CL504,Dumuria,22.8093,89.4145,2021,3,2021-03-01,2021_03,Pre_Monsoon,1.0,6.123233995736766e-17,30.1,,,,,,,,,,,,,,,,,,False,0,15,False
CL509,Kapilmuni,22.6887,89.3088,2021,3,2021-03-01,2021_03,Pre_Monsoon,1.0,6.123233995736766e-17,40.8,,,,,,,,,,,,,,,,,,False,0,15,False
CL510,Khulna,22.8319,89.55,2021,3,2021-03-01,2021_03,Pre_Monsoon,1.0,6.123233995736766e-17,49.0,,,,,,,,,,,,,,,,,,False,0,15,False
CL515,Paikgacha,22.585,89.3182,2021,3,2021-03-01,2021_03,Pre_Monsoon,1.0,6.123233995736766e-17,47.3,,,,,,,,,,,,,,,,,,False,0,15,False
CL517,Rupsa,22.79,89.59,2021,3,2021-03-01,2021_03,Pre_Monsoon,1.0,6.123233995736766e-17,59.7,,,,,,,,,,,,,,,,,,False,0,15,False
CL503,Chalna,22.6012,89.5195,2021,4,2021-04-01,2021_04,Pre_Monsoon,0.8660254037844387,-0.4999999999999998,116.3,,,,,,,,,,,,,,,,,,False,0,15,False
CL504,Dumuria,22.8093,89.4145,2021,4,2021-04-01,2021_04,Pre_Monsoon,0.8660254037844387,-0.4999999999999998,73.5,,,,,,,,,,,,,,,,,,False,0,15,False
CL509,Kapilmuni,22.6887,89.3088,2021,4,2021-04-01,2021_04,Pre_Monsoon,0.8660254037844387,-0.4999999999999998,54.2,,,,,,,,,,,,,,,,,,False,0,15,False
CL510,Khulna,22.8319,89.55,2021,4,2021-04-01,2021_04,Pre_Monsoon,0.8660254037844387,-0.4999999999999998,93.9,,,,,,,,,,,,,,,,,,False,0,15,False
CL515,Paikgacha,22.585,89.3182,2021,4,2021-04-01,2021_04,Pre_Monsoon,0.8660254037844387,-0.4999999999999998,108.7,,,,,,,,,,,,,,,,,,False,0,15,False
CL517,Rupsa,22.79,89.59,2021,4,2021-04-01,2021_04,Pre_Monsoon,0.8660254037844387,-0.4999999999999998,84.7,,,,,,,,,,,,,,,,,,False,0,15,False
CL503,Chalna,22.6012,89.5195,2021,5,2021-05-01,2021_05,Pre_Monsoon,0.49999999999999994,-0.8660254037844387,249.1,,,,,,,,,,,,,,,,,,False,0,15,False
CL504,Dumuria,22.8093,89.4145,2021,5,2021-05-01,2021_05,Pre_Monsoon,0.49999999999999994,-0.8660254037844387,130.7,,,,,,,,,,,,,,,,,,False,0,15,False
CL509,Kapilmuni,22.6887,89.3088,2021,5,2021-05-01,2021_05,Pre_Monsoon,0.49999999999999994,-0.8660254037844387,147.8,,,,,,,,,,,,,,,,,,False,0,15,False
CL510,Khulna,22.8319,89.55,2021,5,2021-05-01,2021_05,Pre_Monsoon,0.49999999999999994,-0.8660254037844387,154.4,,,,,,,,,,,,,,,,,,False,0,15,False
CL515,Paikgacha,22.585,89.3182,2021,5,2021-05-01,2021_05,Pre_Monsoon,0.49999999999999994,-0.8660254037844387,114.0,,,,,,,,,,,,,,,,,,False,0,15,False
CL517,Rupsa,22.79,89.59,2021,5,2021-05-01,2021_05,Pre_Monsoon,0.49999999999999994,-0.8660254037844387,158.2,,,,,,,,,,,,,,,,,,False,0,15,False
CL503,Chalna,22.6012,89.5195,2021,6,2021-06-01,2021_06,Monsoon,1.2246467991473532e-16,-1.0,310.6,,,,,,,,,,,,,,,,,,False,0,15,False
CL504,Dumuria,22.8093,89.4145,2021,6,2021-06-01,2021_06,Monsoon,1.2246467991473532e-16,-1.0,90.7,,,,,,,,,,,,,,,,,,False,0,15,False
CL509,Kapilmuni,22.6887,89.3088,2021,6,2021-06-01,2021_06,Monsoon,1.2246467991473532e-16,-1.0,207.9,,,,,,,,,,,,,,,,,,False,0,15,False
CL510,Khulna,22.8319,89.55,2021,6,2021-06-01,2021_06,Monsoon,1.2246467991473532e-16,-1.0,244.8,,,,,,,,,,,,,,,,,,False,0,15,False
CL515,Paikgacha,22.585,89.3182,2021,6,2021-06-01,2021_06,Monsoon,1.2246467991473532e-16,-1.0,230.9,,,,,,,,,,,,,,,,,,False,0,15,False
CL517,Rupsa,22.79,89.59,2021,6,2021-06-01,2021_06,Monsoon,1.2246467991473532e-16,-1.0,209.9,,,,,,,,,,,,,,,,,,False,0,15,False
CL503,Chalna,22.6012,89.5195,2021,7,2021-07-01,2021_07,Monsoon,-0.4999999999999997,-0.8660254037844388,543.5,,,,,,,,,,,,,,,,,,False,0,15,False
CL504,Dumuria,22.8093,89.4145,2021,7,2021-07-01,2021_07,Monsoon,-0.4999999999999997,-0.8660254037844388,379.3,,,,,,,,,,,,,,,,,,False,0,15,False
CL509,Kapilmuni,22.6887,89.3088,2021,7,2021-07-01,2021_07,Monsoon,-0.4999999999999997,-0.8660254037844388,426.0,,,,,,,,,,,,,,,,,,False,0,15,False
CL510,Khulna,22.8319,89.55,2021,7,2021-07-01,2021_07,Monsoon,-0.4999999999999997,-0.8660254037844388,359.7,,,,,,,,,,,,,,,,,,False,0,15,False
CL515,Paikgacha,22.585,89.3182,2021,7,2021-07-01,2021_07,Monsoon,-0.4999999999999997,-0.8660254037844388,441.6,,,,,,,,,,,,,,,,,,False,0,15,False
CL517,Rupsa,22.79,89.59,2021,7,2021-07-01,2021_07,Monsoon,-0.4999999999999997,-0.8660254037844388,410.6,,,,,,,,,,,,,,,,,,False,0,15,False
CL503,Chalna,22.6012,89.5195,2021,8,2021-08-01,2021_08,Monsoon,-0.8660254037844385,-0.5000000000000004,414.3,,,,,,,,,,,,,,,,,,False,0,15,False
CL504,Dumuria,22.8093,89.4145,2021,8,2021-08-01,2021_08,Monsoon,-0.8660254037844385,-0.5000000000000004,354.5,,,,,,,,,,,,,,,,,,False,0,15,False
CL509,Kapilmuni,22.6887,89.3088,2021,8,2021-08-01,2021_08,Monsoon,-0.8660254037844385,-0.5000000000000004,318.2,,,,,,,,,,,,,,,,,,False,0,15,False
CL510,Khulna,22.8319,89.55,2021,8,2021-08-01,2021_08,Monsoon,-0.8660254037844385,-0.5000000000000004,353.9,,,,,,,,,,,,,,,,,,False,0,15,False
CL515,Paikgacha,22.585,89.3182,2021,8,2021-08-01,2021_08,Monsoon,-0.8660254037844385,-0.5000000000000004,311.2,,,,,,,,,,,,,,,,,,False,0,15,False
CL517,Rupsa,22.79,89.59,2021,8,2021-08-01,2021_08,Monsoon,-0.8660254037844385,-0.5000000000000004,316.6,,,,,,,,,,,,,,,,,,False,0,15,False
CL503,Chalna,22.6012,89.5195,2021,9,2021-09-01,2021_09,Monsoon,-1.0,-1.8369701987210297e-16,196.1,,,,,,,,,,,,,,,,,,False,0,15,False
CL504,Dumuria,22.8093,89.4145,2021,9,2021-09-01,2021_09,Monsoon,-1.0,-1.8369701987210297e-16,75.8,,,,,,,,,,,,,,,,,,False,0,15,False
CL509,Kapilmuni,22.6887,89.3088,2021,9,2021-09-01,2021_09,Monsoon,-1.0,-1.8369701987210297e-16,207.5,,,,,,,,,,,,,,,,,,False,0,15,False
CL510,Khulna,22.8319,89.55,2021,9,2021-09-01,2021_09,Monsoon,-1.0,-1.8369701987210297e-16,209.1,,,,,,,,,,,,,,,,,,False,0,15,False
CL515,Paikgacha,22.585,89.3182,2021,9,2021-09-01,2021_09,Monsoon,-1.0,-1.8369701987210297e-16,236.9,,,,,,,,,,,,,,,,,,False,0,15,False
CL517,Rupsa,22.79,89.59,2021,9,2021-09-01,2021_09,Monsoon,-1.0,-1.8369701987210297e-16,136.3,,,,,,,,,,,,,,,,,,False,0,15,False
CL503,Chalna,22.6012,89.5195,2021,10,2021-10-01,2021_10,Post_Monsoon,-0.8660254037844386,0.5000000000000001,354.6,,,,,,,,,,,,,,,,,,False,0,15,False
CL504,Dumuria,22.8093,89.4145,2021,10,2021-10-01,2021_10,Post_Monsoon,-0.8660254037844386,0.5000000000000001,294.5,,,,,,,,,,,,,,,,,,False,0,15,False
CL509,Kapilmuni,22.6887,89.3088,2021,10,2021-10-01,2021_10,Post_Monsoon,-0.8660254037844386,0.5000000000000001,272.5,,,,,,,,,,,,,,,,,,False,0,15,False
CL510,Khulna,22.8319,89.55,2021,10,2021-10-01,2021_10,Post_Monsoon,-0.8660254037844386,0.5000000000000001,228.7,,,,,,,,,,,,,,,,,,False,0,15,False
CL515,Paikgacha,22.585,89.3182,2021,10,2021-10-01,2021_10,Post_Monsoon,-0.8660254037844386,0.5000000000000001,222.1,,,,,,,,,,,,,,,,,,False,0,15,False
CL517,Rupsa,22.79,89.59,2021,10,2021-10-01,2021_10,Post_Monsoon,-0.8660254037844386,0.5000000000000001,172.2,,,,,,,,,,,,,,,,,,False,0,15,False
CL503,Chalna,22.6012,89.5195,2021,11,2021-11-01,2021_11,Post_Monsoon,-0.5000000000000004,0.8660254037844384,87.0,,,,,,,,,,,,,,,,,,False,0,15,False
CL504,Dumuria,22.8093,89.4145,2021,11,2021-11-01,2021_11,Post_Monsoon,-0.5000000000000004,0.8660254037844384,45.3,,,,,,,,,,,,,,,,,,False,0,15,False
CL509,Kapilmuni,22.6887,89.3088,2021,11,2021-11-01,2021_11,Post_Monsoon,-0.5000000000000004,0.8660254037844384,24.8,,,,,,,,,,,,,,,,,,False,0,15,False
CL510,Khulna,22.8319,89.55,2021,11,2021-11-01,2021_11,Post_Monsoon,-0.5000000000000004,0.8660254037844384,61.1,,,,,,,,,,,,,,,,,,False,0,15,False
CL515,Paikgacha,22.585,89.3182,2021,11,2021-11-01,2021_11,Post_Monsoon,-0.5000000000000004,0.8660254037844384,57.0,,,,,,,,,,,,,,,,,,False,0,15,False
CL517,Rupsa,22.79,89.59,2021,11,2021-11-01,2021_11,Post_Monsoon,-0.5000000000000004,0.8660254037844384,11.8,,,,,,,,,,,,,,,,,,False,0,15,False
CL503,Chalna,22.6012,89.5195,2021,12,2021-12-01,2021_12,Winter,-2.4492935982947064e-16,1.0,28.1,,,,,,,,,,,,,,,,,,False,0,15,False
CL504,Dumuria,22.8093,89.4145,2021,12,2021-12-01,2021_12,Winter,-2.4492935982947064e-16,1.0,17.8,,,,,,,,,,,,,,,,,,False,0,15,False
CL509,Kapilmuni,22.6887,89.3088,2021,12,2021-12-01,2021_12,Winter,-2.4492935982947064e-16,1.0,14.9,,,,,,,,,,,,,,,,,,False,0,15,False
CL510,Khulna,22.8319,89.55,2021,12,2021-12-01,2021_12,Winter,-2.4492935982947064e-16,1.0,30.7,,,,,,,,,,,,,,,,,,False,0,15,False
CL515,Paikgacha,22.585,89.3182,2021,12,2021-12-01,2021_12,Winter,-2.4492935982947064e-16,1.0,27.1,,,,,,,,,,,,,,,,,,False,0,15,False
CL517,Rupsa,22.79,89.59,2021,12,2021-12-01,2021_12,Winter,-2.4492935982947064e-16,1.0,5.1,,,,,,,,,,,,,,,,,,False,0,15,False
CL503,Chalna,22.6012,89.5195,2022,1,2022-01-01,2022_01,Winter,0.49999999999999994,0.8660254037844387,0.0,,,,,,,,,,,,,,,,,,False,0,15,False
CL504,Dumuria,22.8093,89.4145,2022,1,2022-01-01,2022_01,Winter,0.49999999999999994,0.8660254037844387,0.0,,,,,,,,,,,,,,,,,,False,0,15,False
CL509,Kapilmuni,22.6887,89.3088,2022,1,2022-01-01,2022_01,Winter,0.49999999999999994,0.8660254037844387,0.0,,,,,,,,,,,,,,,,,,False,0,15,False
CL510,Khulna,22.8319,89.55,2022,1,2022-01-01,2022_01,Winter,0.49999999999999994,0.8660254037844387,0.0,,,,,,,,,,,,,,,,,,False,0,15,False
CL515,Paikgacha,22.585,89.3182,2022,1,2022-01-01,2022_01,Winter,0.49999999999999994,0.8660254037844387,0.0,,,,,,,,,,,,,,,,,,False,0,15,False
CL517,Rupsa,22.79,89.59,2022,1,2022-01-01,2022_01,Winter,0.49999999999999994,0.8660254037844387,0.0,,,,,,,,,,,,,,,,,,False,0,15,False
CL503,Chalna,22.6012,89.5195,2022,2,2022-02-01,2022_02,Winter,0.8660254037844386,0.5000000000000001,22.6,,,,,,,,,,,,,,,,,,False,0,15,False
CL504,Dumuria,22.8093,89.4145,2022,2,2022-02-01,2022_02,Winter,0.8660254037844386,0.5000000000000001,84.9,,,,,,,,,,,,,,,,,,False,0,15,False
CL509,Kapilmuni,22.6887,89.3088,2022,2,2022-02-01,2022_02,Winter,0.8660254037844386,0.5000000000000001,103.3,,,,,,,,,,,,,,,,,,False,0,15,False
CL510,Khulna,22.8319,89.55,2022,2,2022-02-01,2022_02,Winter,0.8660254037844386,0.5000000000000001,94.9,,,,,,,,,,,,,,,,,,False,0,15,False
CL515,Paikgacha,22.585,89.3182,2022,2,2022-02-01,2022_02,Winter,0.8660254037844386,0.5000000000000001,71.5,,,,,,,,,,,,,,,,,,False,0,15,False
CL517,Rupsa,22.79,89.59,2022,2,2022-02-01,2022_02,Winter,0.8660254037844386,0.5000000000000001,72.6,,,,,,,,,,,,,,,,,,False,0,15,False
CL503,Chalna,22.6012,89.5195,2022,3,2022-03-01,2022_03,Pre_Monsoon,1.0,6.123233995736766e-17,123.3,,,,,,,,,,,,,,,,,,False,0,15,False
CL504,Dumuria,22.8093,89.4145,2022,3,2022-03-01,2022_03,Pre_Monsoon,1.0,6.123233995736766e-17,30.0,,,,,,,,,,,,,,,,,,False,0,15,False
CL509,Kapilmuni,22.6887,89.3088,2022,3,2022-03-01,2022_03,Pre_Monsoon,1.0,6.123233995736766e-17,37.1,,,,,,,,,,,,,,,,,,False,0,15,False
CL510,Khulna,22.8319,89.55,2022,3,2022-03-01,2022_03,Pre_Monsoon,1.0,6.123233995736766e-17,48.1,,,,,,,,,,,,,,,,,,False,0,15,False
CL515,Paikgacha,22.585,89.3182,2022,3,2022-03-01,2022_03,Pre_Monsoon,1.0,6.123233995736766e-17,46.8,,,,,,,,,,,,,,,,,,False,0,15,False
CL517,Rupsa,22.79,89.59,2022,3,2022-03-01,2022_03,Pre_Monsoon,1.0,6.123233995736766e-17,55.6,,,,,,,,,,,,,,,,,,False,0,15,False
CL503,Chalna,22.6012,89.5195,2022,4,2022-04-01,2022_04,Pre_Monsoon,0.8660254037844387,-0.4999999999999998,98.3,,,,,,,,,,,,,,,,,,False,0,15,False
CL504,Dumuria,22.8093,89.4145,2022,4,2022-04-01,2022_04,Pre_Monsoon,0.8660254037844387,-0.4999999999999998,63.1,,,,,,,,,,,,,,,,,,False,0,15,False
CL509,Kapilmuni,22.6887,89.3088,2022,4,2022-04-01,2022_04,Pre_Monsoon,0.8660254037844387,-0.4999999999999998,57.1,,,,,,,,,,,,,,,,,,False,0,15,False
CL510,Khulna,22.8319,89.55,2022,4,2022-04-01,2022_04,Pre_Monsoon,0.8660254037844387,-0.4999999999999998,90.5,,,,,,,,,,,,,,,,,,False,0,15,False
CL515,Paikgacha,22.585,89.3182,2022,4,2022-04-01,2022_04,Pre_Monsoon,0.8660254037844387,-0.4999999999999998,99.6,,,,,,,,,,,,,,,,,,False,0,15,False
CL517,Rupsa,22.79,89.59,2022,4,2022-04-01,2022_04,Pre_Monsoon,0.8660254037844387,-0.4999999999999998,77.5,,,,,,,,,,,,,,,,,,False,0,15,False
CL503,Chalna,22.6012,89.5195,2022,5,2022-05-01,2022_05,Pre_Monsoon,0.49999999999999994,-0.8660254037844387,199.0,,,,,,,,,,,,,,,,,,False,0,15,False
CL504,Dumuria,22.8093,89.4145,2022,5,2022-05-01,2022_05,Pre_Monsoon,0.49999999999999994,-0.8660254037844387,138.0,,,,,,,,,,,,,,,,,,False,0,15,False
CL509,Kapilmuni,22.6887,89.3088,2022,5,2022-05-01,2022_05,Pre_Monsoon,0.49999999999999994,-0.8660254037844387,155.3,,,,,,,,,,,,,,,,,,False,0,15,False
CL510,Khulna,22.8319,89.55,2022,5,2022-05-01,2022_05,Pre_Monsoon,0.49999999999999994,-0.8660254037844387,142.8,,,,,,,,,,,,,,,,,,False,0,15,False
CL515,Paikgacha,22.585,89.3182,2022,5,2022-05-01,2022_05,Pre_Monsoon,0.49999999999999994,-0.8660254037844387,105.9,,,,,,,,,,,,,,,,,,False,0,15,False
CL517,Rupsa,22.79,89.59,2022,5,2022-05-01,2022_05,Pre_Monsoon,0.49999999999999994,-0.8660254037844387,147.2,,,,,,,,,,,,,,,,,,False,0,15,False
CL503,Chalna,22.6012,89.5195,2022,6,2022-06-01,2022_06,Monsoon,1.2246467991473532e-16,-1.0,315.3,,,,,,,,,,,,,,,,,,False,0,15,False
CL504,Dumuria,22.8093,89.4145,2022,6,2022-06-01,2022_06,Monsoon,1.2246467991473532e-16,-1.0,85.9,,,,,,,,,,,,,,,,,,False,0,15,False
CL509,Kapilmuni,22.6887,89.3088,2022,6,2022-06-01,2022_06,Monsoon,1.2246467991473532e-16,-1.0,197.3,,,,,,,,,,,,,,,,,,False,0,15,False
CL510,Khulna,22.8319,89.55,2022,6,2022-06-01,2022_06,Monsoon,1.2246467991473532e-16,-1.0,223.2,,,,,,,,,,,,,,,,,,False,0,15,False
CL515,Paikgacha,22.585,89.3182,2022,6,2022-06-01,2022_06,Monsoon,1.2246467991473532e-16,-1.0,194.5,,,,,,,,,,,,,,,,,,False,0,15,False
CL517,Rupsa,22.79,89.59,2022,6,2022-06-01,2022_06,Monsoon,1.2246467991473532e-16,-1.0,196.7,,,,,,,,,,,,,,,,,,False,0,15,False
CL503,Chalna,22.6012,89.5195,2022,7,2022-07-01,2022_07,Monsoon,-0.4999999999999997,-0.8660254037844388,546.7,,,,,,,,,,,,,,,,,,False,0,15,False
CL504,Dumuria,22.8093,89.4145,2022,7,2022-07-01,2022_07,Monsoon,-0.4999999999999997,-0.8660254037844388,358.5,,,,,,,,,,,,,,,,,,False,0,15,False
CL509,Kapilmuni,22.6887,89.3088,2022,7,2022-07-01,2022_07,Monsoon,-0.4999999999999997,-0.8660254037844388,399.9,,,,,,,,,,,,,,,,,,False,0,15,False
CL510,Khulna,22.8319,89.55,2022,7,2022-07-01,2022_07,Monsoon,-0.4999999999999997,-0.8660254037844388,327.2,,,,,,,,,,,,,,,,,,False,0,15,False
CL515,Paikgacha,22.585,89.3182,2022,7,2022-07-01,2022_07,Monsoon,-0.4999999999999997,-0.8660254037844388,417.1,,,,,,,,,,,,,,,,,,False,0,15,False
CL517,Rupsa,22.79,89.59,2022,7,2022-07-01,2022_07,Monsoon,-0.4999999999999997,-0.8660254037844388,391.3,,,,,,,,,,,,,,,,,,False,0,15,False
CL503,Chalna,22.6012,89.5195,2022,8,2022-08-01,2022_08,Monsoon,-0.8660254037844385,-0.5000000000000004,424.0,,,,,,,,,,,,,,,,,,False,0,15,False
CL504,Dumuria,22.8093,89.4145,2022,8,2022-08-01,2022_08,Monsoon,-0.8660254037844385,-0.5000000000000004,382.5,,,,,,,,,,,,,,,,,,False,0,15,False
CL509,Kapilmuni,22.6887,89.3088,2022,8,2022-08-01,2022_08,Monsoon,-0.8660254037844385,-0.5000000000000004,338.6,,,,,,,,,,,,,,,,,,False,0,15,False
CL510,Khulna,22.8319,89.55,2022,8,2022-08-01,2022_08,Monsoon,-0.8660254037844385,-0.5000000000000004,358.3,,,,,,,,,,,,,,,,,,False,0,15,False
CL515,Paikgacha,22.585,89.3182,2022,8,2022-08-01,2022_08,Monsoon,-0.8660254037844385,-0.5000000000000004,324.9,,,,,,,,,,,,,,,,,,False,0,15,False
CL517,Rupsa,22.79,89.59,2022,8,2022-08-01,2022_08,Monsoon,-0.8660254037844385,-0.5000000000000004,330.3,,,,,,,,,,,,,,,,,,False,0,15,False
CL503,Chalna,22.6012,89.5195,2022,9,2022-09-01,2022_09,Monsoon,-1.0,-1.8369701987210297e-16,193.7,,,,,,,,,,,,,,,,,,False,0,15,False
CL504,Dumuria,22.8093,89.4145,2022,9,2022-09-01,2022_09,Monsoon,-1.0,-1.8369701987210297e-16,67.0,,,,,,,,,,,,,,,,,,False,0,15,False
CL509,Kapilmuni,22.6887,89.3088,2022,9,2022-09-01,2022_09,Monsoon,-1.0,-1.8369701987210297e-16,222.4,,,,,,,,,,,,,,,,,,False,0,15,False
CL510,Khulna,22.8319,89.55,2022,9,2022-09-01,2022_09,Monsoon,-1.0,-1.8369701987210297e-16,211.0,,,,,,,,,,,,,,,,,,False,0,15,False
CL515,Paikgacha,22.585,89.3182,2022,9,2022-09-01,2022_09,Monsoon,-1.0,-1.8369701987210297e-16,223.0,,,,,,,,,,,,,,,,,,False,0,15,False
CL517,Rupsa,22.79,89.59,2022,9,2022-09-01,2022_09,Monsoon,-1.0,-1.8369701987210297e-16,135.1,,,,,,,,,,,,,,,,,,False,0,15,False
CL503,Chalna,22.6012,89.5195,2022,10,2022-10-01,2022_10,Post_Monsoon,-0.8660254037844386,0.5000000000000001,348.3,,,,,,,,,,,,,,,,,,False,0,15,False
CL504,Dumuria,22.8093,89.4145,2022,10,2022-10-01,2022_10,Post_Monsoon,-0.8660254037844386,0.5000000000000001,266.6,,,,,,,,,,,,,,,,,,False,0,15,False
CL509,Kapilmuni,22.6887,89.3088,2022,10,2022-10-01,2022_10,Post_Monsoon,-0.8660254037844386,0.5000000000000001,255.5,,,,,,,,,,,,,,,,,,False,0,15,False
CL510,Khulna,22.8319,89.55,2022,10,2022-10-01,2022_10,Post_Monsoon,-0.8660254037844386,0.5000000000000001,228.2,,,,,,,,,,,,,,,,,,False,0,15,False
CL515,Paikgacha,22.585,89.3182,2022,10,2022-10-01,2022_10,Post_Monsoon,-0.8660254037844386,0.5000000000000001,206.1,,,,,,,,,,,,,,,,,,False,0,15,False
CL517,Rupsa,22.79,89.59,2022,10,2022-10-01,2022_10,Post_Monsoon,-0.8660254037844386,0.5000000000000001,151.7,,,,,,,,,,,,,,,,,,False,0,15,False
CL503,Chalna,22.6012,89.5195,2022,11,2022-11-01,2022_11,Post_Monsoon,-0.5000000000000004,0.8660254037844384,100.6,,,,,,,,,,,,,,,,,,False,0,15,False
CL504,Dumuria,22.8093,89.4145,2022,11,2022-11-01,2022_11,Post_Monsoon,-0.5000000000000004,0.8660254037844384,52.3,,,,,,,,,,,,,,,,,,False,0,15,False
CL509,Kapilmuni,22.6887,89.3088,2022,11,2022-11-01,2022_11,Post_Monsoon,-0.5000000000000004,0.8660254037844384,28.7,,,,,,,,,,,,,,,,,,False,0,15,False
CL510,Khulna,22.8319,89.55,2022,11,2022-11-01,2022_11,Post_Monsoon,-0.5000000000000004,0.8660254037844384,68.0,,,,,,,,,,,,,,,,,,False,0,15,False
CL515,Paikgacha,22.585,89.3182,2022,11,2022-11-01,2022_11,Post_Monsoon,-0.5000000000000004,0.8660254037844384,64.7,,,,,,,,,,,,,,,,,,False,0,15,False
CL517,Rupsa,22.79,89.59,2022,11,2022-11-01,2022_11,Post_Monsoon,-0.5000000000000004,0.8660254037844384,13.2,,,,,,,,,,,,,,,,,,False,0,15,False
CL503,Chalna,22.6012,89.5195,2022,12,2022-12-01,2022_12,Winter,-2.4492935982947064e-16,1.0,27.0,,,,,,,,,,,,,,,,,,False,0,15,False
CL504,Dumuria,22.8093,89.4145,2022,12,2022-12-01,2022_12,Winter,-2.4492935982947064e-16,1.0,19.5,,,,,,,,,,,,,,,,,,False,0,15,False
CL509,Kapilmuni,22.6887,89.3088,2022,12,2022-12-01,2022_12,Winter,-2.4492935982947064e-16,1.0,13.1,,,,,,,,,,,,,,,,,,False,0,15,False
CL510,Khulna,22.8319,89.55,2022,12,2022-12-01,2022_12,Winter,-2.4492935982947064e-16,1.0,30.8,,,,,,,,,,,,,,,,,,False,0,15,False
CL515,Paikgacha,22.585,89.3182,2022,12,2022-12-01,2022_12,Winter,-2.4492935982947064e-16,1.0,28.4,,,,,,,,,,,,,,,,,,False,0,15,False
CL517,Rupsa,22.79,89.59,2022,12,2022-12-01,2022_12,Winter,-2.4492935982947064e-16,1.0,3.4,,,,,,,,,,,,,,,,,,False,0,15,False
